date,high_cc,low_cc,temp_c,p_mean,diffuse_frac,contrail_hours,rain_mm,rain_hours,dp24,injured,serious,dow_g,holiday,log_rain,trend,low_cc_z,temp_c_z,dp24_z,diffuse_frac_z,diffuse_frac_lead_z,diffuse_frac_lag_z,high_cc_z,high_cc_lead_z,high_cc_lag_z,contrail_hours_z,contrail_hours_lead_z,contrail_hours_lag_z
2026-05-25,15.9167,15.5833,20.4868,1023.4438,0.3062,2.6667,0.2833,0.5,,,,Mon-Thu,0,0.24943488526827828,0.0,0.07115616602886737,-0.571982083934149,0.0,-0.25898049048838656,-0.7854212870574971,,-0.014191267143755796,-0.5844968685623897,,0.8216619478410241,-0.29185753075989346,
2026-05-26,3.25,9.6389,22.0146,1021.8347,0.2386,0.5,0.0,0.0,-1.61,,,Mon-Thu,0,0.0,0.03333333333333333,-0.3707512795373076,-0.11101492262646045,-0.6419594406757015,-0.7854212870574971,-0.946624312042417,-0.25898049048838656,-0.5844968685623897,-0.7270743945172466,-0.014191267143755796,-0.29185753075989346,-0.5488196110204089,0.8216619478410241
2026-05-27,0.0833,7.0278,22.7792,1016.9368,0.2179,0.0,0.0167,0.0,-4.9,,,Mon-Thu,0,0.016562088298978293,0.06666666666666667,-0.5648607827870619,0.11967986172741901,-1.9595917281019777,-0.946624312042417,0.29393809762414025,-0.7854212870574971,-0.7270743945172466,0.017073403972249105,-0.5844968685623897,-0.5488196110204089,0.13639547220228151,-0.29185753075989346
2026-05-28,16.6111,31.2361,21.4451,1012.9472,0.3772,1.3333,1.0,0.8333,-3.99,,,Mon-Thu,0,0.6931471805599453,0.1,1.2347872917872658,-0.2828442185845236,-1.5951402443457734,0.29393809762414025,-0.38280310388260064,-0.946624312042417,0.017073403972249105,-0.5444750279013633,-0.7270743945172466,0.13639547220228151,-0.3775286883187493,-0.5488196110204089
2026-05-29,4.1389,15.4722,18.0958,1018.9521,0.2903,0.3333,2.5,2.1667,6.0,,,Fri-Sun,0,1.252762968495368,0.13333333333333333,0.06289697801958108,-1.2933935793436793,2.405816154252553,-0.38280310388260064,-0.7534921854904357,0.29393809762414025,-0.5444750279013633,-0.451928179573385,0.017073403972249105,-0.3775286883187493,-0.5488196110204089,0.13639547220228151
2026-05-30,6.1944,2.2639,18.8715,1015.9771,0.2427,0.0,0.0,0.0,-2.98,,,Fri-Sun,0,0.0,0.16666666666666666,-0.9190097094966878,-1.0593497077463672,-1.1906391469899866,-0.7534921854904357,0.11015107396983578,-0.38280310388260064,-0.451928179573385,0.5673658338599726,-0.5444750279013633,-0.5488196110204089,-0.29185753075989346,-0.3775286883187493
2026-05-31,28.8333,17.8472,20.5604,1012.1562,0.3536,0.5,0.4333,0.8333,-3.82,19.0,15.0,Fri-Sun,0,0.35997947794703294,0.2,0.23945477749802557,-0.549775523473194,-1.5270559012264824,0.11015107396983578,0.6451582148618162,-0.7534921854904357,0.5673658338599726,1.2364721183099445,-0.451928179573385,-0.29185753075989346,1.4212058735048585,-0.5488196110204089
2026-06-01,43.6944,18.6389,20.5771,1013.2674,0.4223,3.8333,0.05,0.1667,1.11,,,Mon-Thu,0,0.04879016416943201,0.23333333333333334,0.29830985532837684,-0.544736806629472,0.447390049232952,0.6451582148618162,2.323382943569557,0.11015107396983578,1.2364721183099445,2.4883916735852702,0.5673658338599726,1.4212058735048585,2.106472349143601,-0.29185753075989346
2026-06-02,71.5,52.375,19.1799,1014.4424,0.6378,5.1667,6.2333,6.3333,1.18,,,Mon-Thu,0,1.978695363572755,0.26666666666666666,2.8062557833219564,-0.9662993919018257,0.4754247787526599,2.323382943569557,0.4551411226090601,0.6451582148618162,2.4883916735852702,0.8812867244448241,1.2364721183099445,2.106472349143601,2.0208011915847455,1.4212058735048585
2026-06-03,35.8056,35.9306,20.5257,1011.6243,0.3979,5.0,1.7833,1.5,-2.82,,,Mon-Thu,0,1.0236372740750368,0.3,1.5837770137458163,-0.5602451926035625,-1.126559765230654,0.4551411226090601,2.7478063668390322,2.323382943569557,0.8812867244448241,2.530291015377543,2.4883916735852702,2.0208011915847455,3.1343206701856627,2.106472349143601
2026-06-04,72.4306,51.5417,19.7903,1010.2056,0.6923,7.1667,10.0667,8.6667,-1.42,26.0,,Mon-Thu,0,2.40394059929799,0.3333333333333333,2.7443081562460034,-0.782129765470217,-0.5658651748364941,2.7478063668390322,0.20048706864737542,0.4551411226090601,2.530291015377543,-0.625770376644247,0.8812867244448241,3.1343206701856627,-0.5488196110204089,2.0208011915847455
2026-06-05,2.3333,45.0556,20.5299,1013.9389,0.3652,0.0,0.4,0.8333,3.73,,,Fri-Sun,0,0.33647223662121295,0.36666666666666664,2.262130664373524,-0.5589779704033448,1.4966899255420227,0.20048706864737542,-0.10011374122788602,2.7478063668390322,-0.625770376644247,1.7479988773582669,2.530291015377543,-0.5488196110204089,1.2499149508031993,3.1343206701856627
2026-06-06,55.0556,20.8333,21.8389,1015.8542,0.3266,3.5,1.55,1.1667,1.92,,,Fri-Sun,0,0.9360933591703348,0.4,0.4614418280338501,-0.16402705133555978,0.771791919389573,-0.10011374122788602,0.6256892504916568,0.20048706864737542,1.7479988773582669,0.7837332064335226,-0.625770376644247,1.2499149508031993,-0.034895450499378027,-0.5488196110204089
2026-06-07,33.6389,39.3333,22.0431,1017.6958,0.4198,1.0,1.8833,3.0,1.84,28.0,,Fri-Sun,0,1.0589354715152113,0.43333333333333335,1.8367341608133125,-0.10241591483927105,0.7397522285099069,0.6256892504916568,-0.21381249314961698,-0.10011374122788602,0.7837332064335226,0.3872698020857508,1.7479988773582669,-0.034895450499378027,1.5068770310637145,1.2499149508031993
2026-06-08,24.8333,30.4444,22.241,1018.1674,0.312,4.0,0.15,0.3333,0.47,39.0,,Mon-Thu,0,0.13976194237515868,0.4666666666666667,1.1759322139569146,-0.042705611643308446,0.19107252219562174,-0.21381249314961698,-0.7729611498605952,0.6256892504916568,0.3872698020857508,-0.1380072889885333,0.7837332064335226,1.5068770310637145,0.05077570705947784,-0.034895450499378027
2026-06-09,13.1667,20.5,22.0264,1015.7118,0.2402,1.1667,0.0833,0.1667,-2.46,,,Mon-Thu,0,0.0800119379693847,0.5,0.4366642640059908,-0.10745463168299305,-0.9823811562721557,-0.7729611498605952,-1.11795119849982,-0.21381249314961698,-0.1380072889885333,-0.22242730388269977,0.3872698020857508,0.05077570705947784,0.13639547220228151,1.5068770310637145
2026-06-10,11.2917,4.0,22.2021,1014.9375,0.1959,1.3333,0.0167,0.0,-0.77,18.0,,Mon-Thu,0,0.016562088298978293,0.5333333333333333,-0.7899478165810973,-0.05444250297389373,-0.3055426864392056,-1.11795119849982,-0.7285719110966317,-0.7729611498605952,-0.22242730388269977,0.12025492297649508,-0.1380072889885333,0.13639547220228151,0.3933575524627969,0.05077570705947784
2026-06-11,18.9028,6.4861,22.5271,1014.0778,0.2459,1.8333,0.4,0.5,-0.86,,,Mon-Thu,0,0.33647223662121295,0.5666666666666667,-0.6051308290933664,0.04361635775722171,-0.3415873386788302,-0.7285719110966317,3.10292027695074,-1.11795119849982,0.12025492297649508,2.833577235286127,-0.22242730388269977,0.3933575524627969,3.9908266761100126,0.13639547220228151
2026-06-12,79.1667,68.2222,19.1694,1015.3785,0.7379,8.8333,2.9833,4.1667,1.3,,,Fri-Sun,0,1.3821106214735595,0.6,3.9843386295934535,-0.9694674474023696,0.5234843150721594,3.10292027695074,1.1046257739975782,-0.7285719110966317,2.833577235286127,0.9794615737657469,0.12025492297649508,3.9908266761100126,0.9929528705426837,0.3933575524627969
2026-06-13,37.9861,33.3889,18.4326,1017.4896,0.4813,3.0,0.2833,0.6667,2.11,28.0,,Fri-Sun,0,0.24943488526827828,0.6333333333333333,1.3948267152471374,-1.1917744276690954,0.8478861852287805,1.1046257739975782,-0.6483597778915751,3.10292027695074,0.9794615737657469,-0.7308248943789449,2.833577235286127,0.9929528705426837,-0.5488196110204089,3.9908266761100126
2026-06-14,0.0,9.4583,21.0826,1014.2535,0.2562,0.0,0.0,0.0,-3.24,,,Fri-Sun,0,0.0,0.6666666666666666,-0.38417710631027896,-0.39221756324615276,-1.2947681423489021,-0.6483597778915751,-0.6802888794586365,1.1046257739975782,-0.7308248943789449,-0.6789212180216142,0.9794615737657469,-0.5488196110204089,-0.5488196110204089,0.9929528705426837
2026-06-15,1.1528,14.1806,22.4771,1012.225,0.2521,0.0,0.1333,0.0,-2.03,32.0,,Mon-Thu,0,0.1251337307567657,0.7,-0.03312072884625431,0.0285303791832037,-0.8101678177939494,-0.6802888794586365,1.1941830101003115,-0.6483597778915751,-0.6789212180216142,2.0306460920255245,-0.7308248943789449,-0.5488196110204089,1.4212058735048585,-0.5488196110204089
2026-06-16,61.3333,40.5694,21.7076,1017.0424,0.4928,3.8333,0.9833,1.5,4.82,,,Mon-Thu,0,0.6847621240255051,0.7333333333333333,1.9286259906808094,-0.20364283107093034,1.9332307137774756,1.1941830101003115,1.4589609255344798,-0.6802888794586365,2.0306460920255245,2.5321640141079946,-0.6789212180216142,1.4212058735048585,2.7916874323662917,-0.5488196110204089
2026-06-17,72.4722,21.9861,21.3021,1018.5792,0.5268,6.5,0.4167,0.6667,1.54,30.0,,Mon-Thu,0,0.3483302234031682,0.7666666666666667,0.5471411253975346,-0.32599011730621463,0.6196033877111583,1.4589609255344798,0.08055824812719328,1.1941830101003115,2.5321640141079946,0.38602263706571416,2.0306460920255245,2.7916874323662917,-0.5488196110204089,1.4212058735048585
2026-06-18,24.8056,21.4722,21.6333,1017.5806,0.3498,0.0,0.2,0.5,-1.0,,,Mon-Thu,0,0.18232155679395465,0.8,0.508937734596704,-0.22606059523192107,-0.39765679771824614,0.08055824812719328,-0.3391926236934436,1.4589609255344798,0.38602263706571416,-0.7214463935243023,2.5321640141079946,-0.5488196110204089,-0.5488196110204089,2.7916874323662917
2026-06-19,0.2083,12.0694,21.5132,1019.2458,0.2959,0.0,0.0,0.0,1.67,,,Fri-Sun,0,0.0,0.8333333333333334,-0.19006760306052464,-0.26229711576671094,0.671667885390616,-0.3391926236934436,-0.6499172950411877,0.08055824812719328,-0.7214463935243023,-0.4169085061948875,0.38602263706571416,-0.5488196110204089,-0.034895450499378027,-0.5488196110204089
2026-06-20,6.9722,7.5139,22.2104,1021.3097,0.256,1.0,0.0,0.0,2.06,,,Fri-Sun,0,0.0,0.8666666666666667,-0.5287240474917053,-0.051938230530607254,0.8278613784289891,-0.6499172950411877,-0.6140944006000945,-0.3391926236934436,-0.4169085061948875,-0.7308248943789449,-0.7214463935243023,-0.034895450499378027,-0.5488196110204089,-0.5488196110204089
2026-06-21,0.0,5.4861,23.941,1022.4389,0.2606,0.0,0.0,0.0,1.13,,,Fri-Sun,0,0.0,0.9,-0.6794709551895536,0.4702176598732963,0.4553999719528685,-0.6140944006000945,-0.5042894415523953,-0.6499172950411877,-0.7308248943789449,-0.5626106983010274,-0.4169085061948875,-0.5488196110204089,-0.5488196110204089,-0.034895450499378027
2026-06-22,3.7361,19.8333,24.309,1020.0576,0.2747,0.0,0.05,0.0,-2.38,,,Mon-Thu,0,0.04879016416943201,0.9333333333333333,0.3871017019376629,0.5812504621780679,-0.9503414653924894,-0.5042894415523953,-0.03703429666856956,-0.6140944006000945,-0.5626106983010274,0.12150659039732588,-0.7308248943789449,-0.5488196110204089,0.2220666297611374,-0.5488196110204089
2026-06-23,18.9306,12.5278,23.4785,1016.541,0.3347,1.5,0.65,1.0,-3.52,,,Mon-Thu,0,0.5007752879124893,0.9666666666666667,-0.1559900892580325,0.33067235806363215,-1.406907060427734,-0.03703429666856956,1.2128732158956643,-0.5042894415523953,0.12150659039732588,0.34975129626638596,-0.5626106983010274,0.2220666297611374,-0.034895450499378027,-0.5488196110204089
2026-06-24,24.0,20.0694,23.2903,1015.8222,0.4952,1.0,0.1333,0.1667,-0.72,25.0,24.0,Mon-Thu,0,0.1251337307567657,1.0,0.40465340570897274,0.2738887347110286,-0.28551787963941416,1.2128732158956643,-0.7285719110966317,-0.03703429666856956,0.34975129626638596,-0.7183172249722253,0.12150659039732588,-0.034895450499378027,-0.5488196110204089,0.2220666297611374
2026-06-25,0.2778,13.7083,24.9486,1015.7917,0.2459,0.0,0.0167,0.0,-0.03,,,Mon-Thu,0,0.016562088298978293,1.0333333333333334,-0.06823157040148355,0.7742303000969029,-0.009175545802292512,-0.7285719110966317,-0.3391926236934436,1.2128732158956643,-0.7183172249722253,0.004565734565529439,0.34975129626638596,-0.5488196110204089,0.2220666297611374,-0.034895450499378027
2026-06-26,16.3333,17.8472,25.7715,1016.3778,0.2959,1.5,0.15,0.3333,0.59,30.0,,Fri-Sun,0,0.13976194237515868,1.0666666666666667,0.23945477749802557,1.0225153354680878,0.23913205851512115,-0.3391926236934436,-0.21303373457481067,-0.7285719110966317,0.004565734565529439,-0.7189430586826406,-0.7183172249722253,0.2220666297611374,-0.5488196110204089,-0.5488196110204089
2026-06-27,0.2639,11.8056,25.5167,1019.8076,0.3121,0.0,0.0167,0.0,3.43,17.0,,Fri-Sun,0,0.016562088298978293,1.1,-0.2096785283246988,0.9456371886548934,1.3765410847432742,-0.21303373457481067,-1.11795119849982,-0.3391926236934436,-0.7189430586826406,-0.7308248943789449,0.004565734565529439,-0.5488196110204089,-0.5488196110204089,0.2220666297611374
2026-06-28,0.0,5.2361,24.8111,1021.1951,0.1959,0.0,0.0,0.0,1.39,24.0,,Fri-Sun,0,0.0,1.1333333333333333,-0.6980559867136004,0.7327438590183541,0.5595289673117839,-1.11795119849982,-1.0875796140823712,-0.21303373457481067,-0.7308248943789449,-0.7308248943789449,-0.7189430586826406,-0.5488196110204089,-0.5488196110204089,-0.5488196110204089
2026-06-29,0.0,0.625,26.7764,1017.9556,0.1998,0.0,0.0,0.0,-3.24,,,Mon-Thu,0,0.0,1.1666666666666667,-1.040845742155729,1.3257133328486972,-1.2947681423489021,-1.0875796140823712,-0.824359215797816,-1.11795119849982,-0.7308248943789449,-0.49444885267527877,-0.7308248943789449,-0.5488196110204089,-0.5488196110204089,-0.5488196110204089
2026-06-30,5.25,4.5556,27.4257,1015.6083,0.2336,0.0,0.1833,0.3333,-2.35,,,Mon-Thu,0,0.1683071454083761,1.2,-0.7486444425220558,1.5216198506108924,-0.9383265813126147,-0.824359215797816,-0.2870157991814165,-1.0875796140823712,-0.49444885267527877,0.15527459635499247,-0.7308248943789449,-0.5488196110204089,-0.46314845346155303,-0.5488196110204089
2026-07-01,19.6806,17.6111,25.6597,1012.5132,0.3026,0.1667,3.0833,3.8333,-3.1,,21.0,Mon-Thu,0,1.4069054850240006,1.2333333333333334,0.22190307372671575,0.9887830873765845,-1.238698683309486,-0.2870157991814165,1.0384312951390362,-0.824359215797816,0.15527459635499247,0.825628045825001,-0.49444885267527877,-0.46314845346155303,-0.034895450499378027,-0.5488196110204089
2026-07-02,34.5694,18.4722,24.091,1010.884,0.4728,1.0,0.7333,0.8333,-1.63,19.0,,Mon-Thu,0,0.5500271059651276,1.2666666666666666,0.2859173563081426,0.5154755955953503,-0.6499693633956181,1.0384312951390362,0.4676012598059625,-0.2870157991814165,0.825628045825001,-0.24619097527530837,0.15527459635499247,-0.034895450499378027,0.3933575524627969,-0.46314845346155303
2026-07-03,10.7639,44.75,24.7403,1011.359,0.3995,1.8333,1.6,2.5,0.48,20.0,,Fri-Sun,0,0.9555114450274363,1.3,2.2394123218385293,0.7113821133575454,0.19507748355558002,0.4676012598059625,0.5750699431292423,1.0384312951390362,-0.24619097527530837,-0.36563066354797225,0.825628045825001,0.3933575524627969,-0.3775286883187493,-0.034895450499378027
2026-07-04,8.1111,37.5417,23.5028,1014.216,0.4133,0.3333,5.8667,3.0,2.86,37.0,,Fri-Sun,0,1.9266836414845754,1.3333333333333333,1.7035463908993833,0.3380041436506048,1.1482582872256517,0.5750699431292423,0.23475244593885566,0.4676012598059625,-0.36563066354797225,-0.7308248943789449,-0.24619097527530837,-0.3775286883187493,-0.5488196110204089,0.3933575524627969
2026-07-05,0.0,10.9167,22.1361,1015.7396,0.3696,0.0,0.05,0.1667,1.52,24.0,17.0,Fri-Sun,0,0.04879016416943201,1.3666666666666667,-0.27575946641159954,-0.07435599469159797,0.6115934649912417,0.23475244593885566,-0.39448448250469625,0.5750699431292423,-0.7308248943789449,-0.6007550378308075,-0.36563066354797225,-0.5488196110204089,-0.5488196110204089,-0.3775286883187493
2026-07-06,2.8889,7.3472,22.9799,1015.2861,0.2888,0.0,0.0,0.0,-0.45,22.0,19.0,Mon-Thu,0,0.0,1.4,-0.5411165465119396,0.1802349797235268,-0.17738392292054048,-0.39448448250469625,-0.2301664232205508,0.23475244593885566,-0.6007550378308075,-0.5207113565087547,-0.7308248943789449,-0.5488196110204089,-0.5488196110204089,-0.5488196110204089
2026-07-07,4.6667,8.0278,23.8181,1015.4069,0.3099,0.0,0.0167,0.0,0.12,,,Mon-Thu,0,0.016562088298978293,1.4333333333333333,-0.49052065669087475,0.4331363245383612,0.05089887459708176,-0.2301664232205508,-0.6771738451594109,-0.39448448250469625,-0.5207113565087547,-0.46068084671761217,-0.6007550378308075,-0.5488196110204089,-0.29185753075989346,-0.5488196110204089
2026-07-08,6.0,5.0972,24.5646,1010.8792,0.2525,0.5,0.0,0.0,-4.53,37.0,30.0,Mon-Thu,0,0.0,1.4666666666666666,-0.7083818302283607,0.6583699846484461,-1.811408157783521,-0.6771738451594109,1.2004130786987623,-0.2301664232205508,-0.46068084671761217,1.2915049632193523,-0.5207113565087547,-0.29185753075989346,-0.3775286883187493,-0.5488196110204089
2026-07-09,44.9167,34.2778,21.9625,1009.8979,0.4936,0.3333,5.1167,5.8333,-0.98,,18.0,Mon-Thu,0,1.8110227354089012,1.5,1.4609076533340382,-0.12673451230058788,-0.38964687499832956,1.2004130786987623,-0.32517496934692863,-0.6771738451594109,1.2915049632193523,-0.7308248943789449,-0.46068084671761217,-0.3775286883187493,-0.5488196110204089,-0.29185753075989346
2026-07-10,0.0,9.6528,21.5799,1014.0528,0.2977,0.0,0.0333,0.1667,4.15,,,Fri-Sun,0,0.03275756423817219,1.5333333333333334,-0.3697179517845706,-0.24217242034897205,1.6648983026602706,-0.32517496934692863,-0.9746596207354468,1.2004130786987623,-0.7308248943789449,-0.7308248943789449,1.2915049632193523,-0.5488196110204089,-0.5488196110204089,-0.3775286883187493
2026-07-11,0.0,2.2083,23.3243,1017.4049,0.2143,0.0,0.0,0.0,3.35,33.0,,Fri-Sun,0,0.0,1.5666666666666667,-0.9231430205076359,0.2841472001413614,1.344501393863608,-0.9746596207354468,-0.14450297999184933,-0.32517496934692863,-0.7308248943789449,-0.532593192205059,-0.7308248943789449,-0.5488196110204089,-0.3775286883187493,-0.5488196110204089
2026-07-12,4.4028,3.2361,23.8306,1015.1868,0.3209,0.3333,0.1333,0.1667,-2.22,27.0,23.0,Fri-Sun,0,0.1251337307567657,1.6,-0.8467362389059746,0.43690781918186544,-0.8862620836331571,-0.14450297999184933,0.5992114589482399,-0.9746596207354468,-0.532593192205059,0.3047272883228305,-0.7308248943789449,-0.3775286883187493,-0.5488196110204089,-0.5488196110204089
2026-07-13,23.0,36.4028,22.6375,1014.2139,0.4164,0.0,3.7167,5.6667,-0.97,,,Mon-Thu,0,1.551109402533974,1.6333333333333333,1.6188804212884358,0.07692619844865255,-0.3856419136383713,0.5992114589482399,-0.07052091538524352,-0.14450297999184933,0.3047272883228305,-0.7308248943789449,-0.532593192205059,-0.5488196110204089,-0.5488196110204089,-0.3775286883187493
2026-07-14,0.0,16.3056,23.034,1015.7458,0.3304,0.0,0.2833,0.5,1.53,39.0,,Mon-Thu,0,0.24943488526827828,1.6666666666666667,0.12485203910814327,0.19655800854061353,0.6155984263512,-0.07052091538524352,-0.846943214467201,0.5992114589482399,-0.7308248943789449,-0.5494771951838923,0.3047272883228305,-0.5488196110204089,-0.46314845346155303,-0.5488196110204089
2026-07-15,4.0278,9.7222,25.0403,1016.5361,0.2307,0.1667,0.0333,0.0,0.79,29.0,25.0,Mon-Thu,0,0.03275756423817219,1.7,-0.36455874703349506,0.8018979848016513,0.3192312857142869,-0.846943214467201,-0.30414848782715664,-0.07052091538524352,-0.5494771951838923,0.31598329030871936,-0.7308248943789449,-0.46314845346155303,0.3933575524627969,-0.5488196110204089
2026-07-16,23.25,12.7083,26.0417,1016.5056,0.3004,1.8333,0.1,0.0,-0.03,,,Mon-Thu,0,0.09531017980432487,1.7333333333333334,-0.1425716964976707,1.1040399636820797,-0.009175545802292512,-0.30414848782715664,-0.3205024178980905,-0.846943214467201,0.31598329030871936,-0.37125866454091666,-0.5494771951838923,0.3933575524627969,-0.29185753075989346,-0.46314845346155303
2026-07-17,7.9861,17.1944,26.1972,1014.6896,0.2983,0.5,0.0833,0.0,-1.82,30.0,24.0,Fri-Sun,0,0.0800119379693847,1.7666666666666666,0.19092554318243465,1.150957357047275,-0.7260636292348256,-0.3205024178980905,-0.9287128648218704,-0.30414848782715664,-0.37125866454091666,-0.6914288874283339,0.31598329030871936,-0.29185753075989346,-0.5488196110204089,0.3933575524627969
2026-07-18,0.875,9.0,26.3465,1012.741,0.2202,0.0,0.0,0.0,-1.95,,,Fri-Sun,0,0.0,1.8,-0.4182471861001615,1.1960040890692922,-0.7781281269142832,-0.9287128648218704,-0.5245371644973611,-0.3205024178980905,-0.6914288874283339,-0.15739462680902827,-0.37125866454091666,-0.5488196110204089,-0.46314845346155303,-0.29185753075989346
2026-07-19,12.7361,4.0972,26.4535,1012.7569,0.2721,0.1667,0.05,0.0,0.02,13.0,10.0,Fri-Sun,0,0.04879016416943201,1.8333333333333333,-0.7827219563245479,1.2282880832176901,0.010849260997498913,-0.5245371644973611,-0.34386517514228176,-0.9287128648218704,-0.15739462680902827,-0.5651095307418947,-0.6914288874283339,-0.46314845346155303,-0.5488196110204089,-0.5488196110204089
2026-07-20,3.6806,15.6944,26.0868,1014.5444,0.2953,0.0,0.2,0.6667,1.79,17.0,,Mon-Thu,0,0.18232155679395465,1.8666666666666667,0.0794153540381538,1.1176475163558444,0.7197274217101154,-0.34386517514228176,-0.24106904326784018,-0.5245371644973611,-0.5651095307418947,-0.6370263786301359,-0.15739462680902827,-0.5488196110204089,-0.46314845346155303,-0.46314845346155303
2026-07-21,2.0833,21.5694,25.4375,1015.1757,0.3085,0.1667,0.2167,0.3333,0.63,35.0,29.0,Mon-Thu,0,0.19614227581126634,1.9,0.5161635948532535,0.9217409985936491,0.2551519039549543,-0.24106904326784018,2.0056494450485554,-0.34386517514228176,-0.6370263786301359,0.9031728947061864,-0.5651095307418947,-0.46314845346155303,-0.20618637320103764,-0.5488196110204089
2026-07-22,36.2917,49.9306,22.1444,1013.025,0.597,0.6667,5.2333,3.5,-2.15,26.0,23.0,Mon-Thu,0,1.82990588758455,1.9333333333333333,2.6245387790924366,-0.07185172224831042,-0.8582273541134489,2.0056494450485554,0.5774062188536616,-0.24106904326784018,0.9031728947061864,-0.7308248943789449,-0.6370263786301359,-0.20618637320103764,-0.5488196110204089,-0.46314845346155303
2026-07-23,0.0,27.2083,21.0083,1012.5292,0.4136,0.0,0.3333,0.6667,-0.5,32.0,,Mon-Thu,0,0.2876570721392757,1.9666666666666666,0.9353601318970433,-0.4146353274071435,-0.1974087297203319,0.5774062188536616,0.7946798612246404,2.0056494450485554,-0.7308248943789449,1.7623795454954385,0.9031728947061864,-0.5488196110204089,-0.46314845346155303,-0.20618637320103764
2026-07-24,55.375,21.7778,20.0729,1009.9618,0.4415,0.1667,2.45,2.8333,-2.57,35.0,,Fri-Sun,0,1.2383742310432684,2.0,0.5316560771316987,-0.6968638145698677,-1.0264357312316967,0.7946798612246404,0.4481322954358031,0.5774062188536616,1.7623795454954385,0.7218251955111339,-0.7308248943789449,-0.46314845346155303,-0.5488196110204089,-0.5488196110204089
2026-07-25,32.2639,20.7222,20.6292,1010.9604,0.397,0.0,0.0333,0.0,1.0,,,Fri-Sun,0,0.03275756423817219,2.033333333333333,0.45318264002456365,-0.5290172169553456,0.4033354742734108,0.4481322954358031,-0.9731021035858339,0.7946798612246404,0.7218251955111339,-0.7295732269581141,1.7623795454954385,-0.5488196110204089,-0.5488196110204089,-0.46314845346155303
2026-07-26,0.0278,1.5972,22.4924,1013.384,0.2145,0.0,0.0,0.0,2.42,39.0,28.0,Fri-Sun,0,0.0,2.066666666666667,-0.9685722715650157,0.033146688626853105,0.9720399873874873,-0.9731021035858339,-0.021459125172442025,0.4481322954358031,-0.7295732269581141,0.1740315980642778,0.7218251955111339,-0.5488196110204089,-0.5488196110204089,-0.5488196110204089
2026-07-27,20.0972,2.9861,24.5361,1012.4611,0.3367,0.0,0.0,0.0,-0.92,33.0,,Mon-Thu,0,0.0,2.1,-0.8653212704300214,0.6497709768612567,-0.3656171068385799,-0.021459125172442025,-0.5167495787492973,-0.9731021035858339,0.1740315980642778,-0.7308248943789449,-0.7295732269581141,-0.5488196110204089,-0.5488196110204089,-0.5488196110204089
2026-07-28,0.0,11.125,25.5861,1017.2104,0.2731,0.0,0.0,0.0,4.75,,,Mon-Thu,0,0.0,2.1333333333333333,-0.2602744181457638,0.9665765269156296,1.9051959842577675,-0.5167495787492973,-0.7270143939470188,-0.021459125172442025,-0.7308248943789449,-0.7308248943789449,0.1740315980642778,-0.5488196110204089,-0.5488196110204089,-0.5488196110204089
2026-07-29,0.0,9.1111,24.3451,1022.5382,0.2461,0.0,0.0,0.0,5.33,,,Mon-Thu,0,0.0,2.1666666666666665,-0.4099879980908751,0.592142538708508,2.137483743135348,-0.7270143939470188,-1.025278928097861,-0.5167495787492973,-0.7308248943789449,-0.7308248943789449,-0.7308248943789449,-0.5488196110204089,-0.5488196110204089,-0.5488196110204089
2026-07-30,0.0,2.3611,24.4458,1020.7771,0.2078,0.0,0.0,0.0,-1.76,37.0,25.0,Mon-Thu,0,0.0,2.2,-0.9117838492401384,0.6225256995565798,-0.7020338610750758,-1.025278928097861,-0.9193677619241938,-0.7270143939470188,-0.7308248943789449,-0.7308248943789449,-0.7308248943789449,-0.5488196110204089,-0.5488196110204089,-0.5488196110204089
2026-07-31,0.0,5.3056,24.3375,1018.3521,0.2214,0.0,0.0,0.0,-2.43,27.0,,Fri-Sun,0,0.0,2.2333333333333334,-0.6928893479499153,0.5898494699652573,-0.970366272192281,-0.9193677619241938,-1.07278320116105,-1.025278928097861,-0.7308248943789449,-0.7308248943789449,-0.7308248943789449,-0.5488196110204089,-0.5488196110204089,-0.5488196110204089
2026-08-01,0.0,1.1111,24.3764,1016.416,0.2017,0.0,0.0,0.0,-1.94,,,Fri-Sun,0,0.0,2.2666666666666666,-1.0047090068603723,0.6015863612958436,-0.7741231655543249,-1.07278320116105,-0.9707658278614149,-0.9193677619241938,-0.7308248943789449,-0.7308248943789449,-0.7308248943789449,-0.5488196110204089,-0.5488196110204089,-0.5488196110204089
2026-08-02,0.0,2.7361,24.8174,1015.6438,0.2148,0.0,0.0,0.0,-0.77,25.0,22.0,Fri-Sun,0,0.0,2.3,-0.8839063019540682,0.7346446923186802,-0.3055426864392056,-0.9707658278614149,-0.7776337013094334,-1.07278320116105,-0.7308248943789449,-0.7308248943789449,-0.7308248943789449,-0.5488196110204089,-0.5488196110204089,-0.5488196110204089
2026-08-03,0.0,1.0972,25.4028,1016.1021,0.2396,0.0,0.0,0.0,0.46,37.0,,Mon-Thu,0,0.0,2.3333333333333335,-1.0057423346131094,0.9112713294632806,0.18706756083566348,-0.7776337013094334,-0.8438281801679755,-0.9707658278614149,-0.7308248943789449,-0.7308248943789449,-0.7308248943789449,-0.5488196110204089,-0.5488196110204089,-0.5488196110204089
2026-08-04,0.0,0.125,26.484,1016.1632,0.2311,0.0,0.0,0.0,0.06,,,Mon-Thu,0,0.0,2.3666666666666667,-1.0780158052038225,1.237490530147842,0.026869106437332056,-0.8438281801679755,-0.6787313623090234,-0.7776337013094334,-0.7308248943789449,-0.7308248943789449,-0.7308248943789449,-0.5488196110204089,-0.5488196110204089,-0.5488196110204089
2026-08-05,0.0,0.1528,27.0944,1015.8889,0.2523,0.0,0.0,0.0,-0.27,21.0,20.0,Mon-Thu,0,0.0,2.4,-1.0759491496983487,1.4216601565794509,-0.10529461844129136,-0.6787313623090234,-0.6670499836869278,-0.8438281801679755,-0.7308248943789449,-0.7308248943789449,-0.7308248943789449,-0.5488196110204089,-0.5488196110204089,-0.5488196110204089
2026-08-06,0.0,1.4722,27.1111,1014.5431,0.2538,0.0,0.0,0.0,-1.35,,18.0,Mon-Thu,0,0.0,2.433333333333333,-0.9778647873270392,1.426698873423173,-0.5378304453167861,-0.6670499836869278,-0.39604199965430886,-0.6787313623090234,-0.7308248943789449,-0.7308248943789449,-0.7308248943789449,-0.5488196110204089,-0.5488196110204089,-0.5488196110204089
2026-08-07,0.0,3.125,26.8674,1011.8299,0.2886,0.0,0.0,0.0,-2.71,30.0,,Fri-Sun,0,0.0,2.466666666666667,-0.8549954269152611,1.35316981385341,-1.082505190271113,-0.39604199965430886,-0.4902717872058804,-0.6670499836869278,-0.7308248943789449,-0.7120633902688653,-0.7308248943789449,-0.5488196110204089,-0.5488196110204089,-0.5488196110204089
2026-08-08,0.4167,8.6389,27.441,1012.0535,0.2765,0.0,0.0167,0.0,0.22,,,Fri-Sun,0,0.016562088298978293,2.5,-0.4450914056334947,1.5262361600545418,0.09094848819666462,-0.4902717872058804,-0.5689264032613244,-0.39604199965430886,-0.7120633902688653,-0.4294161756016073,-0.7308248943789449,-0.5488196110204089,-0.5488196110204089,-0.5488196110204089
2026-08-09,6.6944,13.2778,25.9771,1016.0146,0.2664,0.0,0.0,0.0,3.96,,,Fri-Sun,0,0.0,2.533333333333333,-0.10023499468589214,1.084548879364449,1.5888040368210632,-0.5689264032613244,-0.7441470825927592,-0.4902717872058804,-0.4294161756016073,-0.7308248943789449,-0.7120633902688653,-0.5488196110204089,-0.5488196110204089,-0.5488196110204089
2026-08-10,0.0,3.9722,25.5396,1016.9576,0.2439,0.0,0.0,0.0,0.94,,,Mon-Thu,0,0.0,2.566666666666667,-0.7920144720865713,0.9525465668417935,0.3793057061136611,-0.7441470825927592,-0.7184480496241488,-0.5689264032613244,-0.7308248943789449,-0.7308248943789449,-0.4294161756016073,-0.5488196110204089,-0.5488196110204089,-0.5488196110204089
2026-08-11,0.0,3.9861,25.8875,1015.6931,0.2472,0.0,0.0,0.0,-1.26,32.0,24.0,Mon-Thu,0,0.0,2.6,-0.7909811443338343,1.0575148057598092,-0.5017857930771615,-0.7184480496241488,-0.9022350732784538,-0.7441470825927592,-0.7308248943789449,-0.7308248943789449,-0.7308248943789449,-0.5488196110204089,-0.5488196110204089,-0.5488196110204089
2026-08-12,0.0,0.9722,26.5069,1017.3694,0.2236,0.0,0.0,0.0,1.68,,,Mon-Thu,0,0.0,2.6333333333333333,-1.0150348503751327,1.2443999083347421,0.6756728467505742,-0.9022350732784538,0.40062802237261413,-0.7184480496241488,-0.7308248943789449,-0.6238928755130007,-0.7308248943789449,-0.5488196110204089,-0.5488196110204089,-0.5488196110204089
2026-08-13,2.375,18.3472,24.8403,1021.1861,0.3909,0.0,0.1,0.1667,3.82,25.0,,Mon-Thu,0,0.09531017980432487,2.6666666666666665,0.27662484054611913,0.7415540705055804,1.5327345777816472,0.40062802237261413,0.00034611492213670555,-0.9022350732784538,-0.6238928755130007,-0.6539103816089691,-0.7308248943789449,-0.5488196110204089,-0.5488196110204089,-0.5488196110204089
2026-08-14,1.7083,14.875,22.8694,1020.4604,0.3395,0.0,0.0,0.0,-0.73,34.0,,Fri-Sun,0,0.0,2.7,0.018501054714938046,0.14689496707494692,-0.2895228409993725,0.00034611492213670555,-0.3882544139062451,0.40062802237261413,-0.6539103816089691,-0.7308248943789449,-0.6238928755130007,-0.5488196110204089,-0.5488196110204089,-0.5488196110204089
2026-08-15,0.0,10.3194,21.8771,1018.9472,0.2896,0.0,0.0,0.0,-1.51,,,Fri-Sun,0,0.0,2.7333333333333334,-0.3201628237288522,-0.15250136370501025,-0.6019098270761187,-0.3882544139062451,-0.8017752171284313,0.00034611492213670555,-0.7308248943789449,-0.7308248943789449,-0.6539103816089691,-0.5488196110204089,-0.5488196110204089,-0.5488196110204089
2026-08-16,0.0,5.1111,22.1451,1017.3062,0.2365,0.0,0.0,0.0,-1.64,44.0,,Fri-Sun,0,0.0,2.7666666666666666,-0.7073485024756238,-0.07164051854827466,-0.6539743247555764,-0.8017752171284313,-0.8422706630183626,-0.3882544139062451,-0.7308248943789449,-0.7308248943789449,-0.7308248943789449,-0.5488196110204089,-0.5488196110204089,-0.5488196110204089
2026-08-17,0.0,1.3611,23.15,1013.0736,0.2313,0.0,0.0,0.0,-4.23,31.0,28.0,Mon-Thu,0,0.0,2.8,-0.9861239753363256,0.2315574788323347,-1.6912593169847725,-0.8422706630183626,-0.6249970206473838,-0.8017752171284313,-0.7308248943789449,-0.43879467645624987,-0.7308248943789449,-0.5488196110204089,-0.29185753075989346,-0.5488196110204089
2026-08-18,6.4861,1.4583,24.5167,1008.7354,0.2592,0.5,0.0167,0.0,-4.34,,,Mon-Thu,0,0.016562088298978293,2.8333333333333335,-0.9788981150797762,0.6439176171745375,-1.7353138919443134,-0.6249970206473838,0.33287602636445907,-0.8422706630183626,-0.43879467645624987,1.1583059381191378,-0.7308248943789449,-0.29185753075989346,0.7359907902821682,-0.5488196110204089
2026-08-19,41.9583,3.5972,24.5958,1013.4437,0.3822,2.5,0.0167,0.0,4.71,27.0,,Mon-Thu,0,0.016562088298978293,2.8666666666666667,-0.8198920193726414,0.6677836352786338,1.8891761388179344,0.33287602636445907,-0.7659523226873377,-0.6249970206473838,1.1583059381191378,-0.7308248943789449,-0.43879467645624987,0.7359907902821682,-0.5488196110204089,-0.29185753075989346
2026-08-20,0.0,2.9028,25.7847,1017.0076,0.2411,0.0,0.0,0.0,3.56,23.0,,Mon-Thu,0,0.0,2.9,-0.871513802933834,1.026498033811629,1.4286055824227317,-0.7659523226873377,-0.4661302713868828,0.33287602636445907,-0.7308248943789449,-0.7308248943789449,1.1583059381191378,-0.5488196110204089,-0.5488196110204089,0.7359907902821682
2026-08-21,0.0,12.7917,26.6104,1014.7292,0.2796,0.0,0.0,0.0,-2.28,,,Fri-Sun,0,0.0,2.933333333333333,-0.13637172998124863,1.275627883982958,-0.9102918517929066,-0.4661302713868828,-0.29246710920506097,-0.7659523226873377,-0.7308248943789449,-0.5319673584946436,-0.7308248943789449,-0.5488196110204089,-0.5488196110204089,-0.5488196110204089
2026-08-22,4.4167,16.0694,26.1354,1011.3729,0.3019,0.0,0.1,0.3333,-3.36,,,Fri-Sun,0,0.09531017980432487,2.966666666666667,0.10729290132422412,1.1323110875297897,-1.3428276786684015,-0.29246710920506097,-0.45055509989075526,-0.4661302713868828,-0.5319673584946436,-0.7308248943789449,-0.7308248943789449,-0.5488196110204089,-0.5488196110204089,-0.5488196110204089
2026-08-23,0.0,0.3472,27.225,1014.5924,0.2816,0.0,0.0,0.0,3.22,36.0,28.0,Fri-Sun,0,0.0,3.0,-1.0614974291852497,1.4610647326147856,1.2924368961841501,-0.45055509989075526,0.8032462055475105,-0.29246710920506097,-0.7308248943789449,0.874407056031049,-0.5319673584946436,-0.5488196110204089,0.30773778731999324,-0.5488196110204089
2026-08-24,35.6528,10.3611,25.6833,1017.9361,0.4426,1.6667,1.05,1.5,3.34,29.0,,Mon-Thu,0,0.7178397931503169,3.033333333333333,-0.31706284047064115,0.9959036692635204,1.3404964325036495,0.8032462055475105,0.2557789274586281,-0.45055509989075526,0.874407056031049,-0.5182125240678873,-0.7308248943789449,0.30773778731999324,-0.5488196110204089,-0.5488196110204089
2026-08-25,4.7222,12.7361,25.35,1016.3618,0.3723,0.0,0.0833,0.1667,-1.57,22.0,18.0,Mon-Thu,0,0.0800119379693847,3.066666666666667,-0.14050504099219663,0.8953405360891185,-0.6259395952358684,0.2557789274586281,0.7144677280195838,0.8032462055475105,-0.5182125240678873,-0.6457790457743631,0.874407056031049,-0.5488196110204089,-0.5488196110204089,0.30773778731999324
2026-08-26,1.8889,14.5139,24.8868,1014.8667,0.4312,0.0,0.0167,0.0,-1.5,,17.0,Mon-Thu,0,0.016562088298978293,3.1,-0.008343164818395168,0.7555840305794175,-0.5979048657161604,0.7144677280195838,0.761193242507966,0.2557789274586281,-0.6457790457743631,0.49420182095169496,-0.5182125240678873,-0.5488196110204089,0.30773778731999324,-0.5488196110204089
2026-08-27,27.2083,33.6111,24.6771,1017.3382,0.4372,1.6667,2.45,2.8333,2.47,23.0,19.0,Mon-Thu,0,1.2383742310432684,3.1333333333333333,1.4113450912657104,0.6923134364399863,0.9920647941872788,0.761193242507966,0.11248734969425465,0.7144677280195838,0.49420182095169496,-0.7308248943789449,-0.6457790457743631,0.30773778731999324,-0.5488196110204089,-0.5488196110204089
2026-08-28,0.0,29.75,22.7111,1018.7333,0.3539,0.0,0.65,1.5,1.4,27.0,,Fri-Sun,0,0.5007752879124893,3.1666666666666665,1.124310430395722,0.09913275890960643,0.5635339286717422,0.11248734969425465,-0.6086430905764499,0.761193242507966,-0.7308248943789449,-0.709564557827998,0.49420182095169496,-0.5488196110204089,-0.5488196110204089,0.30773778731999324
2026-08-29,0.4722,7.1667,22.6028,1018.3625,0.2613,0.0,0.0,0.0,-0.37,29.0,,Fri-Sun,0,0.0,3.2,-0.5545349392723015,0.06645652931828394,-0.1453442320408742,-0.6086430905764499,0.7362729681141621,0.11248734969425465,-0.709564557827998,0.9344375658221914,-0.7308248943789449,-0.5488196110204089,1.2499149508031993,-0.5488196110204089
2026-08-30,36.9861,4.0972,23.6958,1016.9521,0.434,3.5,0.0,0.0,-1.41,27.0,,Fri-Sun,0,0.0,3.2333333333333334,-0.7827219563245479,0.3962360209463129,-0.5618602134765358,0.7362729681141621,-0.8048902514276566,-0.6086430905764499,0.9344375658221914,-0.7308248943789449,-0.709564557827998,1.2499149508031993,-0.5488196110204089,-0.5488196110204089
2026-08-31,0.0,0.5139,24.5285,1016.9674,0.2361,0.0,0.0,0.0,0.02,23.0,24.0,Mon-Thu,0,0.0,3.2666666666666666,-1.0491049301650155,0.647477908118006,0.010849260997498913,-0.8048902514276566,-0.07830850113330728,0.7362729681141621,-0.7308248943789449,-0.7308248943789449,0.9344375658221914,-0.5488196110204089,-0.5488196110204089,1.2499149508031993
2026-09-01,0.0,11.375,24.0333,1016.4674,0.3294,0.0,0.0167,0.0,-0.5,27.0,27.0,Mon-Thu,0,0.016562088298978293,3.3,-0.24168938662171702,0.49806637632093365,-0.1974087297203319,-0.07830850113330728,-0.4053871025519856,-0.8048902514276566,-0.7308248943789449,-0.7308248943789449,-0.7308248943789449,-0.5488196110204089,-0.5488196110204089,-0.5488196110204089
2026-09-02,0.0,4.5417,24.8639,1017.6319,0.2874,0.0,0.0,0.0,1.16,31.0,19.0,Mon-Thu,0,0.0,3.3333333333333335,-0.7496777702747928,0.7486746523925173,0.46741485603274335,-0.4053871025519856,0.7183615208936153,-0.07830850113330728,-0.7308248943789449,2.4458710004833764,-0.7308248943789449,-0.5488196110204089,2.3634344294041165,-0.5488196110204089
2026-09-03,70.5556,2.3194,24.1944,1016.366,0.4317,5.6667,0.25,0.8333,-1.27,22.0,21.0,Mon-Thu,0,0.22314355131420976,3.3666666666666667,-0.9148838324983495,0.5466733992864193,-0.5057907544371198,0.7183615208936153,0.08600955815083774,-0.4053871025519856,2.4458710004833764,0.2509506132350478,-0.7308248943789449,2.3634344294041165,-0.3775286883187493,-0.5488196110204089
2026-09-04,21.8056,9.8472,23.3278,1016.8118,0.3505,0.3333,0.1667,0.5,0.45,10.0,,Fri-Sun,0,0.15417925084767423,3.4,-0.35526623127147167,0.28520321864154236,0.18306259947570516,0.08600955815083774,-1.01048251517654,0.7183615208936153,0.2509506132350478,-0.7308248943789449,2.4458710004833764,-0.3775286883187493,-0.5488196110204089,2.3634344294041165
2026-09-05,0.0,0.2917,24.5569,1016.9861,0.2097,0.0,0.0,0.0,0.17,33.0,,Fri-Sun,0,0.0,3.433333333333333,-1.065623306183588,0.6560467439480474,0.07092368139687319,-1.01048251517654,-0.61720943489932,0.08600955815083774,-0.7308248943789449,-0.7308248943789449,0.2509506132350478,-0.5488196110204089,-0.5488196110204089,-0.3775286883187493
2026-09-06,0.0,7.5833,24.6792,1018.6618,0.2602,0.0,0.0,0.0,1.68,26.0,,Fri-Sun,1,0.0,3.466666666666667,-0.5235648427406299,0.6929470475400957,0.6756728467505742,-0.61720943489932,-0.683403913757862,-1.01048251517654,-0.7308248943789449,-0.7308248943789449,-0.7308248943789449,-0.5488196110204089,-0.5488196110204089,-0.5488196110204089
2026-09-07,0.0,17.8194,22.016,1024.6021,0.2517,0.0,0.0,0.0,5.94,45.0,31.0,Mon-Thu,0,0.0,3.5,0.23738812199255163,-0.11059251522638894,2.3817863860928035,-0.683403913757862,-0.8578458345144901,-0.61720943489932,-0.7308248943789449,-0.6420285459126648,-0.7308248943789449,-0.5488196110204089,-0.5488196110204089,-0.5488196110204089
2026-09-08,1.9722,8.6667,21.2514,1020.9736,0.2293,0.0,0.0,0.0,-3.63,20.0,15.0,Mon-Thu,0,0.0,3.533333333333333,-0.4430247501280207,-0.34128729958026843,-1.450961635387275,-0.8578458345144901,-0.7488196340415976,-0.683403913757862,-0.6420285459126648,-0.6657922173052734,-0.7308248943789449,-0.5488196110204089,-0.5488196110204089,-0.5488196110204089
2026-09-09,1.4444,12.5833,21.5729,1015.2896,0.2433,0.0,0.0,0.0,-5.68,31.0,,Mon-Thu,0,0.0,3.566666666666667,-0.1518642122596941,-0.2442844573493339,-2.2719787141787235,-0.7488196340415976,-0.6763950865846046,-0.8578458345144901,-0.6657922173052734,-0.6232670418025853,-0.6420285459126648,-0.5488196110204089,-0.3775286883187493,-0.5488196110204089
2026-09-10,2.3889,10.9028,22.7451,1016.0181,0.2526,0.3333,0.0167,0.0,0.73,27.0,23.0,Mon-Thu,0,0.016562088298978293,3.6,-0.27679279416433666,0.10939122433993928,0.29520151755453716,-0.6763950865846046,-0.6538110879152196,-0.7488196340415976,-0.6232670418025853,-0.6989343895525246,-0.6657922173052734,-0.3775286883187493,-0.5488196110204089,-0.5488196110204089
2026-09-11,0.7083,10.6944,23.3944,1017.8271,0.2555,0.0,0.0,0.0,1.81,,,Fri-Sun,0,0.0,3.6333333333333333,-0.292285276442782,0.3052977421021344,0.7277373444300319,-0.6538110879152196,0.6755297992792649,-0.6763950865846046,-0.6989343895525246,0.6530375161749699,-0.6232670418025853,-0.5488196110204089,0.13639547220228151,-0.3775286883187493
2026-09-12,30.7361,18.9028,22.0687,1017.0486,0.4262,1.3333,0.9833,1.6667,-0.78,24.0,,Fri-Sun,0,0.6847621240255051,3.6666666666666665,0.31792821460516063,-0.09469189380937372,-0.3095476477991639,0.6755297992792649,2.5165150701215384,-0.6538110879152196,0.6530375161749699,1.1508049383957415,-0.6989343895525246,0.13639547220228151,1.5068770310637145,-0.5488196110204089
2026-09-13,41.7917,54.1389,17.909,1017.775,0.6626,4.0,10.3167,7.0,0.73,19.0,15.0,Fri-Sun,0,2.4262795108403576,3.7,2.937384331743021,-1.3497547952962103,0.29520151755453716,2.5165150701215384,-0.09076863833020966,0.6755297992792649,1.1508049383957415,-0.7308248943789449,0.6530375161749699,1.5068770310637145,-0.5488196110204089,0.13639547220228151
2026-09-14,0.0,23.0417,18.3229,1019.6021,0.3278,0.0,0.0333,0.1667,1.83,32.0,15.0,Mon-Thu,0,0.03275756423817219,3.7333333333333334,0.6256145625046696,-1.2248730646604904,0.7357472671499485,-0.09076863833020966,1.6567656035352991,2.5165150701215384,-0.7308248943789449,3.124981619498407,1.1508049383957415,-0.5488196110204089,3.562573673147838,1.5068770310637145
2026-09-15,85.6389,7.6389,18.4576,1020.3111,0.5522,8.0,0.0,0.0,0.71,26.0,20.0,Mon-Thu,0,0.0,3.7666666666666666,-0.5194315317296819,-1.1842314383820869,0.2871915948346206,1.6567656035352991,-0.13515787709417298,-0.09076863833020966,3.124981619498407,-0.47068518128267023,-0.7308248943789449,3.562573673147838,-0.5488196110204089,-0.5488196110204089
2026-09-16,5.7778,6.6389,19.3583,1018.2542,0.3221,0.0,0.0,0.0,-2.06,30.0,24.0,Mon-Thu,0,0.0,3.8,-0.593771657825869,-0.9124726203497302,-0.8221827018738244,-0.13515787709417298,-0.43420116981982143,1.6567656035352991,-0.47068518128267023,-0.7308248943789449,3.124981619498407,-0.5488196110204089,-0.5488196110204089,3.562573673147838
2026-09-17,0.0,8.5417,19.5167,1016.4771,0.2837,0.0,0.0,0.0,-1.78,,31.0,Mon-Thu,0,0.0,3.8333333333333335,-0.45231726589004406,-0.8646802402272418,-0.7100437837949924,-0.43420116981982143,-0.6709437765609597,-0.13515787709417298,-0.7308248943789449,0.033331573240666997,-0.47068518128267023,-0.5488196110204089,-0.12056660805823385,-0.5488196110204089
2026-09-18,16.9722,4.5139,19.7736,1016.3653,0.2533,0.8333,0.0,0.0,-0.11,28.0,,Fri-Sun,0,0.0,3.8666666666666667,-0.7517444257802668,-0.7871684823139389,-0.0412152366819588,-0.6709437765609597,0.36091133505748857,-0.43420116981982143,0.033331573240666997,1.0857677589212757,-0.7308248943789449,-0.12056660805823385,1.5068770310637145,-0.5488196110204089
2026-09-19,40.3472,4.7917,20.5674,1020.5861,0.3858,4.0,0.0,0.0,4.22,21.0,15.0,Fri-Sun,0,0.0,3.9,-0.731092738750746,-0.5476634864728321,1.6929330321799783,0.36091133505748857,-0.29013083348064167,-0.6709437765609597,1.0857677589212757,-0.012944102123719338,0.033331573240666997,1.5068770310637145,0.7359907902821682,-0.12056660805823385
2026-09-20,15.9444,4.6667,21.1306,1022.5146,0.3022,2.5,0.0,0.0,1.93,28.0,,Fri-Sun,0,0.0,3.933333333333333,-0.7403852545127694,-0.3777350238150951,0.7757968807495313,-0.29013083348064167,0.752626898185096,0.36091133505748857,-0.012944102123719338,0.5611119991566128,1.0857677589212757,0.7359907902821682,-0.034895450499378027,1.5068770310637145
2026-09-21,28.6944,5.2917,20.934,1017.1361,0.4361,1.0,0.0,0.0,-5.38,,,Mon-Thu,0,0.0,3.966666666666667,-0.6939226757026524,-0.4370530915681331,-2.151829873379975,0.752626898185096,1.6902522222519731,-0.29013083348064167,0.5611119991566128,0.8012430431227713,-0.012944102123719338,-0.034895450499378027,0.3933575524627969,0.7359907902821682
2026-09-22,34.0278,21.0417,17.0931,1016.9174,0.5565,1.8333,0.7333,1.5,-0.22,18.0,15.0,Mon-Thu,1,0.5500271059651276,4.0,0.4769343103122953,-1.5959277936670324,-0.08526981164149992,1.6902522222519731,1.2502536274863705,0.752626898185096,0.8012430431227713,0.5767488371154095,0.5611119991566128,0.3933575524627969,-0.5488196110204089,-0.034895450499378027
2026-09-23,29.0417,35.5972,14.5986,1018.8354,0.5,0.0,1.3833,2.8333,1.92,43.0,33.0,Mon-Thu,0,0.8684860819260154,4.033333333333333,1.5589920157053476,-2.34856726472478,0.771791919389573,1.2502536274863705,-0.028467952345699505,1.6902522222519731,0.5767488371154095,-0.23868547315111766,0.8012430431227713,-0.5488196110204089,-0.5488196110204089,0.3933575524627969
2026-09-24,10.9306,8.0278,15.4632,1021.0549,0.3358,0.0,0.0167,0.0,2.22,,,Mon-Thu,0,0.016562088298978293,4.066666666666666,-0.49052065669087475,-2.087700523222864,0.8919407601883217,-0.028467952345699505,2.490816037152928,1.2502536274863705,-0.23868547315111766,3.113099783802102,0.5767488371154095,-0.5488196110204089,4.504750836631043,-0.5488196110204089
2026-09-25,85.375,6.6944,15.8431,1020.334,0.6593,9.8333,0.45,0.6667,-0.72,31.0,,Fri-Sun,0,0.37156355643248307,4.1,-0.5896457808275306,-1.9730772580174771,-0.28551787963941416,2.490816037152928,4.0537844967893255,-0.028467952345699505,3.113099783802102,2.9780277599714355,-0.23868547315111766,4.504750836631043,1.76383911132423,-0.5488196110204089
2026-09-26,82.375,43.1528,16.1389,1022.184,0.86,4.5,2.45,4.6667,1.85,46.0,,Fri-Sun,0,1.2383742310432684,4.133333333333334,2.120676272437699,-1.883828608773588,0.743757189869865,4.0537844967893255,1.0384312951390362,2.490816037152928,2.9780277599714355,0.5179654923443036,3.113099783802102,1.76383911132423,-0.46314845346155303,4.504750836631043
2026-09-27,27.7361,15.5,16.9965,1022.9903,0.4728,0.1667,0.4167,0.1667,0.81,,19.0,Fri-Sun,0,0.3483302234031682,4.166666666666667,0.06496363352505502,-1.6250739042720344,0.32724120843420346,1.0384312951390362,0.8741132358548906,4.0537844967893255,0.5179654923443036,0.4766919842624463,2.9780277599714355,-0.46314845346155303,-0.5488196110204089,1.76383911132423
2026-09-28,26.8194,17.7083,16.7528,1021.2479,0.4517,0.0,0.4833,1.1667,-1.74,15.0,13.0,Mon-Thu,0,0.39426933534742964,4.2,0.22912893398326523,-1.6986029638417972,-0.6940239383551593,0.8741132358548906,3.8995902989776625,1.0384312951390362,0.4766919842624463,2.775419724225436,0.5179654923443036,-0.5488196110204089,1.2499149508031993,-0.46314845346155303
2026-09-29,77.875,18.9028,16.3132,1024.8715,0.8402,3.5,2.05,4.3333,3.62,,,Mon-Thu,0,1.1151415906193203,4.233333333333333,0.31792821460516063,-1.8312388874645622,1.4526353505824816,3.8995902989776625,0.42321202104199873,0.8741132358548906,2.775419724225436,1.1132819301755825,0.4766919842624463,1.2499149508031993,1.6781679537653744,-0.5488196110204089
2026-09-30,40.9583,26.1806,16.4576,1027.8569,0.3938,4.3333,0.0,0.0,2.99,19.0,,Mon-Thu,0,0.0,4.266666666666667,0.8589607843079915,-1.7876705813427987,1.2003227849051097,0.42321202104199873,0.5524859444598572,3.8995902989776625,1.1132819301755825,-0.6926805548491647,2.775419724225436,1.6781679537653744,-0.5488196110204089,1.2499149508031993
2026-10-01,0.8472,23.625,14.8535,1027.6688,0.4104,0.0,0.0167,0.0,-0.19,19.0,17.0,Mon-Thu,0,0.016562088298978293,4.3,0.6689771580565756,-2.271658945954437,-0.07325492756162508,0.5524859444598572,-0.5097407515760398,0.42321202104199873,-0.6926805548491647,0.389147303216997,1.1132819301755825,-0.5488196110204089,1.4212058735048585,1.6781679537653744
2026-10-02,24.875,11.9167,14.884,1029.5486,0.274,3.8333,0.0,0.0,1.88,,,Fri-Sun,0,0.0,4.333333333333333,-0.2014193403154124,-2.262456499024286,0.7557720739497399,-0.5097407515760398,-0.8025539757032375,0.5524859444598572,0.389147303216997,-0.5813722024111069,-0.6926805548491647,1.4212058735048585,-0.29185753075989346,-0.5488196110204089
2026-10-03,3.3194,9.9583,14.0222,1031.5278,0.2364,0.5,0.0,0.0,1.98,25.0,18.0,Fri-Sun,0,0.0,4.366666666666666,-0.3470070432621854,-2.522478425726057,0.7958216875493228,-0.8025539757032375,-1.101597268428886,-0.5097407515760398,-0.5813722024111069,-0.7308248943789449,0.389147303216997,-0.29185753075989346,-0.5488196110204089,1.4212058735048585
2026-10-04,0.0,0.8056,14.0,1029.3139,0.198,0.0,0.0,0.0,-2.21,30.0,,Fri-Sun,0,0.0,4.4,-1.0274199153827575,-2.529176600212921,-0.8822571222731986,-1.101597268428886,-0.9699870692866084,-0.8025539757032375,-0.7308248943789449,-0.6664135486148944,-0.5813722024111069,-0.5488196110204089,-0.5488196110204089,-0.29185753075989346
2026-10-05,1.4306,0.6806,14.4993,1024.7174,0.2149,0.0,0.0,0.0,-4.6,24.0,24.0,Mon-Thu,0,0.0,4.433333333333334,-1.0367124311447808,-2.3785280181727795,-1.8394428873032287,-0.9699870692866084,-0.37112172526050496,-1.101597268428886,-0.6664135486148944,1.1451769374027971,-0.7308248943789449,-0.5488196110204089,1.0786240281015393,-0.5488196110204089
2026-10-06,41.6667,0.625,15.0674,1022.5035,0.2918,3.1667,0.0,0.0,-2.21,,,Mon-Thu,0,0.0,4.466666666666667,-1.040845742155729,-2.2071211296147895,-0.8822571222731986,-0.37112172526050496,,-0.9699870692866084,1.1451769374027971,,-0.6664135486148944,1.0786240281015393,,-0.5488196110204089
