year,claims_property,claims_injury,mvr_ptp_casualties,mvr_injured,vehicles,ratio,claims_per_1000veh,ptp_per_1000veh
2015,77978,2686,8934,10144,2534418,8.728187880320919,30.767467762972785,3.5250693711970738
2016,86128,3040,9054,9985,2662662,9.512715978888409,32.346622435066884,3.400356166089034
2017,83391,2871,9454,10311,2652594,8.820690565668748,31.43745407641077,3.564058147416411
2018,86727,3396,9718,10572,2827932,8.924405684119087,30.66812538647702,3.4364333572431294
2019,92091,3219,9527,10340,3041282,9.6663167838774,30.280318425979786,3.1325601160190404
2020,80771,2723,7453,8028,3058877,10.837331906614786,26.405323914843738,2.4365151997168892
2021,92964,3045,8424,9108,3153639,11.0356125,29.478325249846595,2.671199740825133
2022,92396,3096,9061,9889,3243645,10.197108497958283,28.485237386082936,2.7934622242948963
2023,94884,3511,9247,10067,3372131,10.261057640315778,28.13769590311779,2.742182812867609
