year,month,n,cas,congestion,share
2024,1,731,57,44,7.7975376196990425
2024,2,644,60,46,9.316770186335404
2024,3,726,59,48,8.1267217630854
2024,4,761,55,49,7.227332457293035
2024,5,709,64,48,9.026798307475318
2024,6,708,69,42,9.745762711864407
2024,7,652,60,36,9.202453987730062
2024,8,581,55,35,9.46643717728055
2024,9,652,61,48,9.355828220858896
2024,10,833,70,56,8.403361344537815
2024,11,814,70,58,8.5995085995086
2024,12,765,47,55,6.143790849673203
2025,1,839,48,44,5.721096543504172
2025,2,661,43,46,6.505295007564296
2025,3,726,58,48,7.988980716253444
2025,4,708,50,50,7.062146892655368
2025,5,799,56,49,7.008760951188986
2025,6,702,63,42,8.974358974358974
2025,7,678,57,36,8.4070796460177
