country,sub-region,subregion_and_city,geo_type,date,driving,transit,walking
Bulgaria,Total,Total,country/region,2020-01-13,0.0,,0.0
Bulgaria,Total,Total,country/region,2020-01-14,2.5600000000000023,,1.9000000000000057
Bulgaria,Total,Total,country/region,2020-01-15,4.730000000000004,,-0.39000000000000057
Bulgaria,Total,Total,country/region,2020-01-16,4.349999999999994,,0.060000000000002274
Bulgaria,Total,Total,country/region,2020-01-17,14.790000000000006,,17.97
Bulgaria,Total,Total,country/region,2020-01-18,18.010000000000005,,28.659999999999997
Bulgaria,Total,Total,country/region,2020-01-19,5.420000000000002,,-0.35999999999999943
Bulgaria,Total,Total,country/region,2020-01-20,0.7800000000000011,,5.299999999999997
Bulgaria,Total,Total,country/region,2020-01-21,-0.5600000000000023,,-1.4000000000000057
Bulgaria,Total,Total,country/region,2020-01-22,3.519999999999996,,4.3799999999999955
Bulgaria,Total,Total,country/region,2020-01-23,6.109999999999999,,9.349999999999994
Bulgaria,Total,Total,country/region,2020-01-24,18.010000000000005,,35.78
Bulgaria,Total,Total,country/region,2020-01-25,23.61,,44.71000000000001
Bulgaria,Total,Total,country/region,2020-01-26,12.36,,12.89
Bulgaria,Total,Total,country/region,2020-01-27,2.5999999999999943,,8.510000000000005
Bulgaria,Total,Total,country/region,2020-01-28,2.950000000000003,,10.439999999999998
Bulgaria,Total,Total,country/region,2020-01-29,7.200000000000003,,14.540000000000006
Bulgaria,Total,Total,country/region,2020-01-30,5.019999999999996,,13.450000000000003
Bulgaria,Total,Total,country/region,2020-01-31,18.700000000000003,,32.49000000000001
Bulgaria,Total,Total,country/region,2020-02-01,22.25,,49.599999999999994
Bulgaria,Total,Total,country/region,2020-02-02,13.090000000000003,,10.719999999999999
Bulgaria,Total,Total,country/region,2020-02-03,2.0900000000000034,,13.090000000000003
Bulgaria,Total,Total,country/region,2020-02-04,4.349999999999994,,13.900000000000006
Bulgaria,Total,Total,country/region,2020-02-05,11.790000000000006,,-2.760000000000005
Bulgaria,Total,Total,country/region,2020-02-06,-2.819999999999993,,0.20000000000000284
Bulgaria,Total,Total,country/region,2020-02-07,11.269999999999996,,18.28
Bulgaria,Total,Total,country/region,2020-02-08,13.829999999999998,,27.599999999999994
Bulgaria,Total,Total,country/region,2020-02-09,10.75,,4.299999999999997
Bulgaria,Total,Total,country/region,2020-02-10,2.030000000000001,,10.329999999999998
Bulgaria,Total,Total,country/region,2020-02-11,2.6899999999999977,,5.299999999999997
Bulgaria,Total,Total,country/region,2020-02-12,8.409999999999997,,12.730000000000004
Bulgaria,Total,Total,country/region,2020-02-13,8.769999999999996,,25.870000000000005
Bulgaria,Total,Total,country/region,2020-02-14,34.879999999999995,,58.5
Bulgaria,Total,Total,country/region,2020-02-15,29.460000000000008,,50.96000000000001
Bulgaria,Total,Total,country/region,2020-02-16,23.849999999999994,,26.150000000000006
Bulgaria,Total,Total,country/region,2020-02-17,4.849999999999994,,24.090000000000003
Bulgaria,Total,Total,country/region,2020-02-18,7.760000000000005,,24.060000000000002
Bulgaria,Total,Total,country/region,2020-02-19,14.599999999999994,,26.790000000000006
Bulgaria,Total,Total,country/region,2020-02-20,20.040000000000006,,20.349999999999994
Bulgaria,Total,Total,country/region,2020-02-21,26.349999999999994,,41.22
Bulgaria,Total,Total,country/region,2020-02-22,32.22999999999999,,50.27000000000001
Bulgaria,Total,Total,country/region,2020-02-23,19.83,,16.379999999999995
Bulgaria,Total,Total,country/region,2020-02-24,1.5999999999999943,,12.700000000000003
Bulgaria,Total,Total,country/region,2020-02-25,3.9399999999999977,,16.58
Bulgaria,Total,Total,country/region,2020-02-26,6.469999999999999,,29.0
Bulgaria,Total,Total,country/region,2020-02-27,3.0600000000000023,,12.060000000000002
Bulgaria,Total,Total,country/region,2020-02-28,21.150000000000006,,17.39
Bulgaria,Total,Total,country/region,2020-02-29,13.930000000000007,,30.03
Bulgaria,Total,Total,country/region,2020-03-01,1.1500000000000057,,0.060000000000002274
Bulgaria,Total,Total,country/region,2020-03-02,1.8299999999999983,,9.519999999999996
Bulgaria,Total,Total,country/region,2020-03-03,11.620000000000005,,9.409999999999997
Bulgaria,Total,Total,country/region,2020-03-04,-1.0100000000000051,,7.280000000000001
Bulgaria,Total,Total,country/region,2020-03-05,0.5499999999999972,,6.609999999999999
Bulgaria,Total,Total,country/region,2020-03-06,12.560000000000002,,30.97999999999999
Bulgaria,Total,Total,country/region,2020-03-07,13.530000000000001,,30.53
Bulgaria,Total,Total,country/region,2020-03-08,-3.6700000000000017,,-7.200000000000003
Bulgaria,Total,Total,country/region,2020-03-09,-9.909999999999997,,-10.299999999999997
Bulgaria,Total,Total,country/region,2020-03-10,-14.290000000000006,,-10.939999999999998
Bulgaria,Total,Total,country/region,2020-03-11,-17.549999999999997,,-9.489999999999995
Bulgaria,Total,Total,country/region,2020-03-12,-25.099999999999994,,-6.780000000000001
Bulgaria,Total,Total,country/region,2020-03-13,-25.540000000000006,,-10.239999999999995
Bulgaria,Total,Total,country/region,2020-03-14,-43.61,,-47.73
Bulgaria,Total,Total,country/region,2020-03-15,-54.46,,-69.47
Bulgaria,Total,Total,country/region,2020-03-16,-54.73,,-58.92
Bulgaria,Total,Total,country/region,2020-03-17,-55.89,,-66.96000000000001
Bulgaria,Total,Total,country/region,2020-03-18,-58.06,,-66.97999999999999
Bulgaria,Total,Total,country/region,2020-03-19,-60.81,,-68.13
Bulgaria,Total,Total,country/region,2020-03-20,-58.82,,-64.5
Bulgaria,Total,Total,country/region,2020-03-21,-70.2,,-72.96000000000001
Bulgaria,Total,Total,country/region,2020-03-22,-74.44,,-80.85
Bulgaria,Total,Total,country/region,2020-03-23,-71.91,,-76.05
Bulgaria,Total,Total,country/region,2020-03-24,-71.74,,-76.03
Bulgaria,Total,Total,country/region,2020-03-25,-71.36,,-74.83
Bulgaria,Total,Total,country/region,2020-03-26,-69.64,,-75.91
Bulgaria,Total,Total,country/region,2020-03-27,-69.35,,-74.66
Bulgaria,Total,Total,country/region,2020-03-28,-73.36,,-74.8
Bulgaria,Total,Total,country/region,2020-03-29,-73.97,,-77.37
Bulgaria,Total,Total,country/region,2020-03-30,-68.12,,-69.66
Bulgaria,Total,Total,country/region,2020-03-31,-67.53999999999999,,-73.1
Bulgaria,Total,Total,country/region,2020-04-01,-69.58,,-76.33
Bulgaria,Total,Total,country/region,2020-04-02,-68.64,,-70.5
Bulgaria,Total,Total,country/region,2020-04-03,-66.43,,-68.6
Bulgaria,Total,Total,country/region,2020-04-04,-71.55,,-76.03
Bulgaria,Total,Total,country/region,2020-04-05,-72.03999999999999,,-79.12
Bulgaria,Total,Total,country/region,2020-04-06,-64.24000000000001,,-66.87
Bulgaria,Total,Total,country/region,2020-04-07,-62.78,,-61.23
Bulgaria,Total,Total,country/region,2020-04-08,-63.27,,-62.04
Bulgaria,Total,Total,country/region,2020-04-09,-60.99,,-62.71
Bulgaria,Total,Total,country/region,2020-04-10,-59.76,,-59.31
Bulgaria,Total,Total,country/region,2020-04-11,-63.41,,-64.5
Bulgaria,Total,Total,country/region,2020-04-12,-67.64,,-68.35
Bulgaria,Total,Total,country/region,2020-04-13,-59.41,,-56.13
Bulgaria,Total,Total,country/region,2020-04-14,-59.45,,-62.13
Bulgaria,Total,Total,country/region,2020-04-15,-58.68,,-61.88
Bulgaria,Total,Total,country/region,2020-04-16,-56.27,,-58.44
Bulgaria,Total,Total,country/region,2020-04-17,-66.72999999999999,,-62.94
Bulgaria,Total,Total,country/region,2020-04-18,-71.69,,-70.95
Bulgaria,Total,Total,country/region,2020-04-19,-72.48,,-77.62
Bulgaria,Total,Total,country/region,2020-04-20,-67.42,,-73.9
Bulgaria,Total,Total,country/region,2020-04-21,-62.81,,-67.49000000000001
Bulgaria,Total,Total,country/region,2020-04-22,-60.49,,-60.73
Bulgaria,Total,Total,country/region,2020-04-23,-58.07,,-56.13
Bulgaria,Total,Total,country/region,2020-04-24,-57.16,,-59.56
Bulgaria,Total,Total,country/region,2020-04-25,-58.82,,-58.92
Bulgaria,Total,Total,country/region,2020-04-26,-63.79,,-69.61
Bulgaria,Total,Total,country/region,2020-04-27,-55.3,,-55.79
Bulgaria,Total,Total,country/region,2020-04-28,-52.04,,-53.5
Bulgaria,Total,Total,country/region,2020-04-29,-53.72,,-55.96
Bulgaria,Total,Total,country/region,2020-04-30,-50.76,,-49.99
Bulgaria,Total,Total,country/region,2020-05-01,-53.22,,-57.08
Bulgaria,Total,Total,country/region,2020-05-02,-58.33,,-58.44
Bulgaria,Total,Total,country/region,2020-05-03,-59.71,,-69.83
Bulgaria,Total,Total,country/region,2020-05-04,-51.02,,-57.94
Bulgaria,Total,Total,country/region,2020-05-05,-49.55,,-47.11
Bulgaria,Total,Total,country/region,2020-05-06,-49.59,,-61.88
Bulgaria,Total,Total,country/region,2020-05-07,-41.71,,-44.35
Bulgaria,Total,Total,country/region,2020-05-08,-31.64,,-38.26
Bulgaria,Total,Total,country/region,2020-05-09,-23.230000000000004,,-28.5
Bulgaria,Total,Total,country/region,2020-05-10,-27.78,,-43.79
Bulgaria,Total,Total,country/region,2020-05-13,-32.36,,-29.86
Bulgaria,Total,Total,country/region,2020-05-14,-29.290000000000006,,-31.150000000000006
Bulgaria,Total,Total,country/region,2020-05-15,-18.0,,-22.939999999999998
Bulgaria,Total,Total,country/region,2020-05-16,-14.599999999999994,,-27.97
Bulgaria,Total,Total,country/region,2020-05-17,-17.39,,-30.700000000000003
Bulgaria,Total,Total,country/region,2020-05-18,-28.939999999999998,,-26.959999999999994
Bulgaria,Total,Total,country/region,2020-05-19,-24.47,,-22.909999999999997
Bulgaria,Total,Total,country/region,2020-05-20,-25.72,,-27.019999999999996
Bulgaria,Total,Total,country/region,2020-05-21,-23.819999999999993,,-30.340000000000003
Bulgaria,Total,Total,country/region,2020-05-22,-9.030000000000001,,-18.840000000000003
Bulgaria,Total,Total,country/region,2020-05-23,-7.090000000000003,,-22.409999999999997
Bulgaria,Total,Total,country/region,2020-05-24,-19.209999999999994,,-44.01
Bulgaria,Total,Total,country/region,2020-05-25,-17.75,,-35.31
Bulgaria,Total,Total,country/region,2020-05-26,-23.849999999999994,,-28.939999999999998
Bulgaria,Total,Total,country/region,2020-05-27,-25.560000000000002,,-26.569999999999993
Bulgaria,Total,Total,country/region,2020-05-28,-25.769999999999996,,-27.909999999999997
Bulgaria,Total,Total,country/region,2020-05-29,-16.599999999999994,,-26.790000000000006
Bulgaria,Total,Total,country/region,2020-05-30,-15.150000000000006,,-24.310000000000002
Bulgaria,Total,Total,country/region,2020-05-31,-16.230000000000004,,-31.480000000000004
Bulgaria,Total,Total,country/region,2020-06-01,-17.58,,-23.11
Bulgaria,Total,Total,country/region,2020-06-02,-14.700000000000003,,-18.950000000000003
Bulgaria,Total,Total,country/region,2020-06-03,-11.920000000000002,,-12.620000000000005
Bulgaria,Total,Total,country/region,2020-06-04,-8.030000000000001,,-9.819999999999993
Bulgaria,Total,Total,country/region,2020-06-05,3.5799999999999983,,-3.319999999999993
Bulgaria,Total,Total,country/region,2020-06-06,2.480000000000004,,-12.530000000000001
Bulgaria,Total,Total,country/region,2020-06-07,1.8400000000000034,,-12.219999999999999
Bulgaria,Total,Total,country/region,2020-06-08,-9.489999999999995,,-10.799999999999997
Bulgaria,Total,Total,country/region,2020-06-09,-7.790000000000006,,-9.959999999999994
Bulgaria,Total,Total,country/region,2020-06-10,-7.939999999999998,,-11.14
Bulgaria,Total,Total,country/region,2020-06-11,-3.8299999999999983,,-7.900000000000006
Bulgaria,Total,Total,country/region,2020-06-12,7.969999999999999,,-9.909999999999997
Bulgaria,Total,Total,country/region,2020-06-13,7.239999999999995,,-6.480000000000004
Bulgaria,Total,Total,country/region,2020-06-14,10.489999999999995,,-9.459999999999994
Bulgaria,Total,Total,country/region,2020-06-15,4.329999999999998,,1.6200000000000045
Bulgaria,Total,Total,country/region,2020-06-16,2.739999999999995,,-1.5900000000000034
Bulgaria,Total,Total,country/region,2020-06-17,6.939999999999998,,8.569999999999993
Bulgaria,Total,Total,country/region,2020-06-18,9.730000000000004,,2.8700000000000045
Bulgaria,Total,Total,country/region,2020-06-19,28.650000000000006,,23.89
Bulgaria,Total,Total,country/region,2020-06-20,25.47,,11.950000000000003
Bulgaria,Total,Total,country/region,2020-06-21,17.549999999999997,,-7.310000000000002
Bulgaria,Total,Total,country/region,2020-06-22,5.459999999999994,,11.14
Bulgaria,Total,Total,country/region,2020-06-23,8.920000000000002,,3.7099999999999937
Bulgaria,Total,Total,country/region,2020-06-24,14.680000000000007,,16.189999999999998
Bulgaria,Total,Total,country/region,2020-06-25,17.120000000000005,,13.370000000000005
Bulgaria,Total,Total,country/region,2020-06-26,41.19,,28.97
Bulgaria,Total,Total,country/region,2020-06-27,41.879999999999995,,25.730000000000004
Bulgaria,Total,Total,country/region,2020-06-28,41.25,,10.439999999999998
Bulgaria,Total,Total,country/region,2020-06-29,23.310000000000002,,22.049999999999997
Bulgaria,Total,Total,country/region,2020-06-30,32.34,,41.389999999999986
Bulgaria,Total,Total,country/region,2020-07-01,36.150000000000006,,34.30000000000001
Bulgaria,Total,Total,country/region,2020-07-02,36.99000000000001,,36.620000000000005
Bulgaria,Total,Total,country/region,2020-07-03,59.74000000000001,,45.02000000000001
Bulgaria,Total,Total,country/region,2020-07-04,59.25,,43.96000000000001
Bulgaria,Total,Total,country/region,2020-07-05,61.16999999999999,,20.400000000000006
Bulgaria,Total,Total,country/region,2020-07-06,39.68000000000001,,27.069999999999993
Bulgaria,Total,Total,country/region,2020-07-07,32.53,,31.370000000000005
Bulgaria,Total,Total,country/region,2020-07-08,44.53,,60.56
Bulgaria,Total,Total,country/region,2020-07-09,49.25,,53.47
Bulgaria,Total,Total,country/region,2020-07-10,76.21000000000001,,64.86000000000001
Bulgaria,Total,Total,country/region,2020-07-11,66.88999999999999,,41.53
Bulgaria,Total,Total,country/region,2020-07-12,80.68,,23.89
Bulgaria,Total,Total,country/region,2020-07-13,46.58000000000001,,50.71000000000001
Bulgaria,Total,Total,country/region,2020-07-14,43.56999999999999,,53.91999999999999
Bulgaria,Total,Total,country/region,2020-07-15,51.889999999999986,,60.370000000000005
Bulgaria,Total,Total,country/region,2020-07-16,52.68000000000001,,60.28
Bulgaria,Total,Total,country/region,2020-07-17,78.74000000000001,,65.22
Bulgaria,Total,Total,country/region,2020-07-18,73.41,,49.370000000000005
Bulgaria,Total,Total,country/region,2020-07-19,80.83000000000001,,41.08000000000001
Bulgaria,Total,Total,country/region,2020-07-20,63.91,,63.610000000000014
Bulgaria,Total,Total,country/region,2020-07-21,60.849999999999994,,69.02000000000001
Bulgaria,Total,Total,country/region,2020-07-22,64.65,,70.88999999999999
Bulgaria,Total,Total,country/region,2020-07-23,75.34,,74.88
Bulgaria,Total,Total,country/region,2020-07-24,97.56,,83.22999999999999
Bulgaria,Total,Total,country/region,2020-07-25,92.84,,66.72999999999999
Bulgaria,Total,Total,country/region,2020-07-26,96.93,,51.24000000000001
Bulgaria,Total,Total,country/region,2020-07-27,70.05000000000001,,66.97999999999999
Bulgaria,Total,Total,country/region,2020-07-28,70.53,,65.63999999999999
Bulgaria,Total,Total,country/region,2020-07-29,85.94999999999999,,72.22999999999999
Bulgaria,Total,Total,country/region,2020-07-30,84.78999999999999,,69.19
Bulgaria,Total,Total,country/region,2020-07-31,104.69999999999999,,75.13
Bulgaria,Total,Total,country/region,2020-08-01,109.53999999999999,,70.13999999999999
Bulgaria,Total,Total,country/region,2020-08-02,117.53999999999999,,70.88999999999999
Bulgaria,Total,Total,country/region,2020-08-03,90.11000000000001,,88.41999999999999
Bulgaria,Total,Total,country/region,2020-08-04,89.22,,101.19999999999999
Bulgaria,Total,Total,country/region,2020-08-05,95.19,,80.57
Bulgaria,Total,Total,country/region,2020-08-06,104.83000000000001,,94.91999999999999
Bulgaria,Total,Total,country/region,2020-08-07,119.69999999999999,,107.44999999999999
Bulgaria,Total,Total,country/region,2020-08-08,111.9,,83.94999999999999
Bulgaria,Total,Total,country/region,2020-08-09,119.08000000000001,,73.74000000000001
Bulgaria,Total,Total,country/region,2020-08-10,101.18,,99.0
Bulgaria,Total,Total,country/region,2020-08-11,92.74000000000001,,98.07
Bulgaria,Total,Total,country/region,2020-08-12,98.68,,93.33000000000001
Bulgaria,Total,Total,country/region,2020-08-13,103.4,,97.03999999999999
Bulgaria,Total,Total,country/region,2020-08-14,124.46000000000001,,102.75999999999999
Bulgaria,Total,Total,country/region,2020-08-15,111.16,,88.16999999999999
Bulgaria,Total,Total,country/region,2020-08-16,116.71000000000001,,74.35
Bulgaria,Total,Total,country/region,2020-08-17,95.53999999999999,,93.41
Bulgaria,Total,Total,country/region,2020-08-18,84.78,,90.03999999999999
Bulgaria,Total,Total,country/region,2020-08-19,94.46000000000001,,78.75999999999999
Bulgaria,Total,Total,country/region,2020-08-20,107.03999999999999,,95.06
Bulgaria,Total,Total,country/region,2020-08-21,119.68,,103.82
Bulgaria,Total,Total,country/region,2020-08-22,114.6,,88.0
Bulgaria,Total,Total,country/region,2020-08-23,117.83000000000001,,58.02000000000001
Bulgaria,Total,Total,country/region,2020-08-24,86.68,,76.66999999999999
Bulgaria,Total,Total,country/region,2020-08-25,80.31,,72.09
Bulgaria,Total,Total,country/region,2020-08-26,86.6,,92.1
Bulgaria,Total,Total,country/region,2020-08-27,93.18,,81.63999999999999
Bulgaria,Total,Total,country/region,2020-08-28,110.03999999999999,,94.91999999999999
Bulgaria,Total,Total,country/region,2020-08-29,98.22999999999999,,75.75
Bulgaria,Total,Total,country/region,2020-08-30,102.02000000000001,,42.69999999999999
Bulgaria,Total,Total,country/region,2020-08-31,69.66,,68.46000000000001
Bulgaria,Total,Total,country/region,2020-09-01,66.56,,68.07
Bulgaria,Total,Total,country/region,2020-09-02,60.18000000000001,,65.59
Bulgaria,Total,Total,country/region,2020-09-03,65.49000000000001,,62.099999999999994
Bulgaria,Total,Total,country/region,2020-09-04,96.41999999999999,,81.24000000000001
Bulgaria,Total,Total,country/region,2020-09-05,89.34,,85.43
Bulgaria,Total,Total,country/region,2020-09-06,72.0,,45.83000000000001
Bulgaria,Total,Total,country/region,2020-09-07,76.25,,45.46000000000001
Bulgaria,Total,Total,country/region,2020-09-08,49.56,,68.96000000000001
Bulgaria,Total,Total,country/region,2020-09-09,54.74000000000001,,73.1
Bulgaria,Total,Total,country/region,2020-09-10,54.349999999999994,,77.66999999999999
Bulgaria,Total,Total,country/region,2020-09-11,77.15,,85.24000000000001
Bulgaria,Total,Total,country/region,2020-09-12,65.49000000000001,,88.16999999999999
Bulgaria,Total,Total,country/region,2020-09-13,65.25,,63.91
Bulgaria,Total,Total,country/region,2020-09-14,39.58000000000001,,87.75
Bulgaria,Total,Total,country/region,2020-09-15,35.41,,78.28999999999999
Bulgaria,Total,Total,country/region,2020-09-16,38.52000000000001,,75.13
Bulgaria,Total,Total,country/region,2020-09-17,45.400000000000006,,79.65
Bulgaria,Total,Total,country/region,2020-09-18,59.889999999999986,,80.24000000000001
Bulgaria,Total,Total,country/region,2020-09-19,53.110000000000014,,87.11000000000001
Bulgaria,Total,Total,country/region,2020-09-20,48.27000000000001,,68.6
Bulgaria,Total,Total,country/region,2020-09-21,30.569999999999993,,63.129999999999995
Bulgaria,Total,Total,country/region,2020-09-22,41.94999999999999,,76.69999999999999
Bulgaria,Total,Total,country/region,2020-09-23,28.25,,64.69
Bulgaria,Total,Total,country/region,2020-09-24,29.00999999999999,,59.870000000000005
Bulgaria,Total,Total,country/region,2020-09-25,49.69999999999999,,84.9
Bulgaria,Total,Total,country/region,2020-09-26,33.06,,56.21000000000001
Bulgaria,Total,Total,country/region,2020-09-27,38.81,,63.55000000000001
Bulgaria,Total,Total,country/region,2020-09-28,20.569999999999993,,73.49000000000001
Bulgaria,Total,Total,country/region,2020-09-29,16.47,,63.379999999999995
Bulgaria,Total,Total,country/region,2020-09-30,17.159999999999997,,64.69
Bulgaria,Total,Total,country/region,2020-10-01,19.950000000000003,,62.46000000000001
Bulgaria,Total,Total,country/region,2020-10-02,38.05000000000001,,77.9
Bulgaria,Total,Total,country/region,2020-10-03,33.370000000000005,,78.44999999999999
Bulgaria,Total,Total,country/region,2020-10-04,30.409999999999997,,48.93000000000001
Bulgaria,Total,Total,country/region,2020-10-05,16.879999999999995,,65.31
Bulgaria,Total,Total,country/region,2020-10-06,12.549999999999997,,51.06999999999999
Bulgaria,Total,Total,country/region,2020-10-07,14.239999999999995,,52.22
Bulgaria,Total,Total,country/region,2020-10-08,19.180000000000007,,38.599999999999994
Bulgaria,Total,Total,country/region,2020-10-09,32.72999999999999,,58.53
Bulgaria,Total,Total,country/region,2020-10-10,25.36,,66.28999999999999
Bulgaria,Total,Total,country/region,2020-10-11,23.689999999999998,,44.879999999999995
Bulgaria,Total,Total,country/region,2020-10-12,6.430000000000007,,43.81999999999999
Bulgaria,Total,Total,country/region,2020-10-13,5.1299999999999955,,34.80000000000001
Bulgaria,Total,Total,country/region,2020-10-14,11.560000000000002,,52.25
Bulgaria,Total,Total,country/region,2020-10-15,10.989999999999995,,48.650000000000006
Bulgaria,Total,Total,country/region,2020-10-16,26.0,,55.150000000000006
Bulgaria,Total,Total,country/region,2020-10-17,15.790000000000006,,50.66
Bulgaria,Total,Total,country/region,2020-10-18,15.25,,20.040000000000006
Bulgaria,Total,Total,country/region,2020-10-19,-2.1400000000000006,,33.02000000000001
Bulgaria,Total,Total,country/region,2020-10-20,-1.4000000000000057,,28.379999999999995
Bulgaria,Total,Total,country/region,2020-10-21,0.5,,31.819999999999993
Bulgaria,Total,Total,country/region,2020-10-22,2.769999999999996,,33.80000000000001
Bulgaria,Total,Total,country/region,2020-10-23,17.659999999999997,,40.83000000000001
Bulgaria,Total,Total,country/region,2020-10-24,5.319999999999993,,34.639999999999986
Bulgaria,Total,Total,country/region,2020-10-25,0.5799999999999983,,-1.6500000000000057
Bulgaria,Total,Total,country/region,2020-10-26,-8.629999999999995,,24.760000000000005
Bulgaria,Total,Total,country/region,2020-10-27,-4.200000000000003,,24.64
Bulgaria,Total,Total,country/region,2020-10-28,-1.9599999999999937,,19.480000000000004
Bulgaria,Total,Total,country/region,2020-10-29,-0.7900000000000063,,19.310000000000002
Bulgaria,Total,Total,country/region,2020-10-30,1.7800000000000011,,14.900000000000006
Bulgaria,Total,Total,country/region,2020-10-31,-4.609999999999999,,8.459999999999994
Bulgaria,Total,Total,country/region,2020-11-01,-6.780000000000001,,-0.060000000000002274
Bulgaria,Total,Total,country/region,2020-11-02,-17.540000000000006,,8.680000000000007
Bulgaria,Total,Total,country/region,2020-11-03,-22.739999999999995,,2.260000000000005
Bulgaria,Total,Total,country/region,2020-11-04,-22.400000000000006,,-2.680000000000007
Bulgaria,Total,Total,country/region,2020-11-05,-18.519999999999996,,-4.329999999999998
Bulgaria,Total,Total,country/region,2020-11-06,-12.840000000000003,,-1.230000000000004
Bulgaria,Total,Total,country/region,2020-11-07,-16.840000000000003,,-7.840000000000003
Bulgaria,Total,Total,country/region,2020-11-08,-20.03,,-13.200000000000003
Bulgaria,Total,Total,country/region,2020-11-09,-30.319999999999993,,-10.099999999999994
Bulgaria,Total,Total,country/region,2020-11-10,-27.810000000000002,,-8.340000000000003
Bulgaria,Total,Total,country/region,2020-11-11,-28.14,,-10.129999999999995
Bulgaria,Total,Total,country/region,2020-11-12,-29.230000000000004,,-11.780000000000001
Bulgaria,Total,Total,country/region,2020-11-13,-19.450000000000003,,-9.519999999999996
Bulgaria,Total,Total,country/region,2020-11-14,-16.450000000000003,,1.2600000000000051
Bulgaria,Total,Total,country/region,2020-11-15,-21.97,,-19.620000000000005
Bulgaria,Total,Total,country/region,2020-11-16,-30.28,,-13.060000000000002
Bulgaria,Total,Total,country/region,2020-11-17,-28.540000000000006,,-15.409999999999997
Bulgaria,Total,Total,country/region,2020-11-18,-25.67,,-9.269999999999996
Bulgaria,Total,Total,country/region,2020-11-19,-27.269999999999996,,-16.61
Bulgaria,Total,Total,country/region,2020-11-20,-17.269999999999996,,-7.170000000000002
Bulgaria,Total,Total,country/region,2020-11-21,-21.930000000000007,,-17.0
Bulgaria,Total,Total,country/region,2020-11-22,-25.83,,-24.67
Bulgaria,Total,Total,country/region,2020-11-23,-30.950000000000003,,-14.680000000000007
Bulgaria,Total,Total,country/region,2020-11-24,-29.22,,-12.420000000000002
Bulgaria,Total,Total,country/region,2020-11-25,-26.459999999999994,,-15.180000000000007
Bulgaria,Total,Total,country/region,2020-11-26,-22.42,,-5.469999999999999
Bulgaria,Total,Total,country/region,2020-11-27,-20.159999999999997,,-10.879999999999995
Bulgaria,Total,Total,country/region,2020-11-28,-29.200000000000003,,-24.370000000000005
Bulgaria,Total,Total,country/region,2020-11-29,-37.51,,-44.29
Bulgaria,Total,Total,country/region,2020-11-30,-38.83,,-36.53
Bulgaria,Total,Total,country/region,2020-12-01,-36.11,,-27.299999999999997
Bulgaria,Total,Total,country/region,2020-12-02,-36.22,,-27.319999999999993
Bulgaria,Total,Total,country/region,2020-12-03,-31.72,,-24.11
Bulgaria,Total,Total,country/region,2020-12-04,-23.700000000000003,,-16.75
Bulgaria,Total,Total,country/region,2020-12-05,-26.08,,-20.430000000000007
Bulgaria,Total,Total,country/region,2020-12-06,-35.7,,-42.45
Bulgaria,Total,Total,country/region,2020-12-07,-31.069999999999993,,-26.819999999999993
Bulgaria,Total,Total,country/region,2020-12-08,-28.150000000000006,,-19.090000000000003
Bulgaria,Total,Total,country/region,2020-12-09,-28.709999999999994,,-23.97
Bulgaria,Total,Total,country/region,2020-12-10,-29.790000000000006,,-26.260000000000005
Bulgaria,Total,Total,country/region,2020-12-11,-20.909999999999997,,-11.019999999999996
Bulgaria,Total,Total,country/region,2020-12-12,-27.400000000000006,,-31.819999999999993
Bulgaria,Total,Total,country/region,2020-12-13,-37.19,,-40.11
Bulgaria,Total,Total,country/region,2020-12-14,-27.129999999999995,,-19.060000000000002
Bulgaria,Total,Total,country/region,2020-12-15,-25.769999999999996,,-12.36
Bulgaria,Total,Total,country/region,2020-12-16,-26.480000000000004,,-16.049999999999997
Bulgaria,Total,Total,country/region,2020-12-17,-20.689999999999998,,-12.480000000000004
Bulgaria,Total,Total,country/region,2020-12-18,-12.290000000000006,,-11.579999999999998
Bulgaria,Total,Total,country/region,2020-12-19,-17.099999999999994,,-15.290000000000006
Bulgaria,Total,Total,country/region,2020-12-20,-18.08,,-34.91
Bulgaria,Total,Total,country/region,2020-12-21,-16.510000000000005,,-10.549999999999997
Bulgaria,Total,Total,country/region,2020-12-22,-6.560000000000002,,2.8700000000000045
Bulgaria,Total,Total,country/region,2020-12-23,-5.640000000000001,,-0.10999999999999943
Bulgaria,Total,Total,country/region,2020-12-24,-38.36,,-42.53
Bulgaria,Total,Total,country/region,2020-12-25,-37.93,,-46.64
Bulgaria,Total,Total,country/region,2020-12-26,-21.650000000000006,,-31.730000000000004
Bulgaria,Total,Total,country/region,2020-12-27,-22.769999999999996,,-37.32
Bulgaria,Total,Total,country/region,2020-12-28,-12.310000000000002,,-6.890000000000001
Bulgaria,Total,Total,country/region,2020-12-29,-7.159999999999997,,0.3100000000000023
Bulgaria,Total,Total,country/region,2020-12-30,-3.7900000000000063,,-1.5600000000000023
Bulgaria,Total,Total,country/region,2020-12-31,-22.83,,-19.090000000000003
Bulgaria,Total,Total,country/region,2021-01-01,-37.7,,-41.42
Bulgaria,Total,Total,country/region,2021-01-02,-7.450000000000003,,-23.83
Bulgaria,Total,Total,country/region,2021-01-03,-21.870000000000005,,-36.23
Bulgaria,Total,Total,country/region,2021-01-04,-26.950000000000003,,-22.36
Bulgaria,Total,Total,country/region,2021-01-05,-21.83,,-10.61
Bulgaria,Total,Total,country/region,2021-01-06,-22.790000000000006,,-12.870000000000005
Bulgaria,Total,Total,country/region,2021-01-07,-25.950000000000003,,-20.260000000000005
Bulgaria,Total,Total,country/region,2021-01-08,-14.61,,-10.079999999999998
Bulgaria,Total,Total,country/region,2021-01-09,-18.319999999999993,,-22.269999999999996
Bulgaria,Total,Total,country/region,2021-01-10,-26.099999999999994,,-37.48
Bulgaria,Total,Total,country/region,2021-01-11,-27.58,,-25.870000000000005
Bulgaria,Total,Total,country/region,2021-01-12,-25.709999999999994,,-16.019999999999996
Bulgaria,Total,Total,country/region,2021-01-13,-26.75,,-18.980000000000004
Bulgaria,Total,Total,country/region,2021-01-14,-27.939999999999998,,-19.310000000000002
Bulgaria,Total,Total,country/region,2021-01-15,-20.72,,-18.64
Bulgaria,Total,Total,country/region,2021-01-16,-21.590000000000003,,-25.290000000000006
Bulgaria,Total,Total,country/region,2021-01-17,-30.849999999999994,,-38.74
Bulgaria,Total,Total,country/region,2021-01-18,-29.810000000000002,,-22.939999999999998
Bulgaria,Total,Total,country/region,2021-01-19,-28.739999999999995,,-20.930000000000007
Bulgaria,Total,Total,country/region,2021-01-20,-28.069999999999993,,-17.22
Bulgaria,Total,Total,country/region,2021-01-21,-25.129999999999995,,-10.969999999999999
Bulgaria,Total,Total,country/region,2021-01-22,-13.61,,-2.819999999999993
Bulgaria,Total,Total,country/region,2021-01-23,-13.11,,-5.810000000000002
Bulgaria,Total,Total,country/region,2021-01-24,-15.409999999999997,,-15.349999999999994
Bulgaria,Total,Total,country/region,2021-01-25,-23.760000000000005,,-11.159999999999997
Bulgaria,Total,Total,country/region,2021-01-26,-26.549999999999997,,-19.760000000000005
Bulgaria,Total,Total,country/region,2021-01-27,-29.760000000000005,,-21.879999999999995
Bulgaria,Total,Total,country/region,2021-01-28,-26.799999999999997,,-15.659999999999997
Bulgaria,Total,Total,country/region,2021-01-29,-14.329999999999998,,-5.299999999999997
Bulgaria,Total,Total,country/region,2021-01-30,-17.42,,-7.010000000000005
Bulgaria,Total,Total,country/region,2021-01-31,-19.760000000000005,,-20.290000000000006
Bulgaria,Total,Total,country/region,2021-02-01,-22.290000000000006,,-5.390000000000001
Bulgaria,Total,Total,country/region,2021-02-02,-13.870000000000005,,-1.5900000000000034
Bulgaria,Total,Total,country/region,2021-02-03,-6.920000000000002,,7.480000000000004
Bulgaria,Total,Total,country/region,2021-02-04,-14.430000000000007,,2.569999999999993
Bulgaria,Total,Total,country/region,2021-02-05,-4.290000000000006,,11.329999999999998
Bulgaria,Total,Total,country/region,2021-02-06,3.5900000000000034,,13.840000000000003
Bulgaria,Total,Total,country/region,2021-02-07,-7.260000000000005,,-10.719999999999999
Bulgaria,Total,Total,country/region,2021-02-08,-19.75,,-3.6299999999999955
Bulgaria,Total,Total,country/region,2021-02-09,-18.730000000000004,,3.7099999999999937
Bulgaria,Total,Total,country/region,2021-02-10,-15.180000000000007,,7.200000000000003
Bulgaria,Total,Total,country/region,2021-02-11,-13.930000000000007,,-1.2800000000000011
Bulgaria,Total,Total,country/region,2021-02-12,-5.819999999999993,,2.480000000000004
Bulgaria,Total,Total,country/region,2021-02-13,-14.290000000000006,,-12.219999999999999
Bulgaria,Total,Total,country/region,2021-02-14,-27.620000000000005,,-31.760000000000005
Bulgaria,Total,Total,country/region,2021-02-15,-28.430000000000007,,-18.53
Bulgaria,Total,Total,country/region,2021-02-16,-25.400000000000006,,-10.909999999999997
Bulgaria,Total,Total,country/region,2021-02-17,-23.33,,-10.75
Bulgaria,Total,Total,country/region,2021-02-18,-19.760000000000005,,-10.349999999999994
Bulgaria,Total,Total,country/region,2021-02-19,-7.450000000000003,,-0.0799999999999983
Bulgaria,Total,Total,country/region,2021-02-20,-10.450000000000003,,-7.930000000000007
Bulgaria,Total,Total,country/region,2021-02-21,-13.980000000000004,,-18.590000000000003
Bulgaria,Total,Total,country/region,2021-02-22,-20.799999999999997,,-1.6700000000000017
Bulgaria,Total,Total,country/region,2021-02-23,-15.700000000000003,,8.650000000000006
Bulgaria,Total,Total,country/region,2021-02-24,-16.730000000000004,,8.400000000000006
Bulgaria,Total,Total,country/region,2021-02-25,-12.930000000000007,,9.150000000000006
Bulgaria,Total,Total,country/region,2021-02-26,4.909999999999997,,24.760000000000005
Bulgaria,Total,Total,country/region,2021-02-27,2.9399999999999977,,28.72
Bulgaria,Total,Total,country/region,2021-02-28,-11.260000000000005,,-10.049999999999997
Bulgaria,Total,Total,country/region,2021-03-01,-18.989999999999995,,-0.4200000000000017
Bulgaria,Total,Total,country/region,2021-03-02,-6.6200000000000045,,15.099999999999994
Bulgaria,Total,Total,country/region,2021-03-03,10.189999999999998,,39.69
Bulgaria,Total,Total,country/region,2021-03-04,-10.709999999999994,,13.870000000000005
Bulgaria,Total,Total,country/region,2021-03-05,-0.9099999999999966,,20.599999999999994
Bulgaria,Total,Total,country/region,2021-03-06,-10.420000000000002,,0.3299999999999983
Bulgaria,Total,Total,country/region,2021-03-07,-12.230000000000004,,-7.650000000000006
Bulgaria,Total,Total,country/region,2021-03-08,-21.459999999999994,,4.8799999999999955
Bulgaria,Total,Total,country/region,2021-03-09,-22.379999999999995,,-0.7000000000000028
Bulgaria,Total,Total,country/region,2021-03-10,-20.370000000000005,,-7.930000000000007
Bulgaria,Total,Total,country/region,2021-03-11,-20.75,,-7.590000000000003
Bulgaria,Total,Total,country/region,2021-03-13,-7.180000000000007,,15.019999999999996
Bulgaria,Total,Total,country/region,2021-03-14,-13.379999999999995,,-2.430000000000007
Bulgaria,Total,Total,country/region,2021-03-15,-22.400000000000006,,-4.329999999999998
Bulgaria,Total,Total,country/region,2021-03-16,-23.760000000000005,,-10.489999999999995
Bulgaria,Total,Total,country/region,2021-03-17,-22.47,,-9.599999999999994
Bulgaria,Total,Total,country/region,2021-03-18,-23.769999999999996,,-5.530000000000001
Bulgaria,Total,Total,country/region,2021-03-19,-12.420000000000002,,4.969999999999999
Bulgaria,Total,Total,country/region,2021-03-20,-16.75,,-8.370000000000005
Bulgaria,Total,Total,country/region,2021-03-21,-30.379999999999995,,-34.86
Bulgaria,Total,Total,country/region,2021-03-22,-33.18000000000001,,-23.47
Bulgaria,Total,Total,country/region,2021-03-23,-34.230000000000004,,-18.620000000000005
Bulgaria,Total,Total,country/region,2021-03-24,-33.08,,-21.409999999999997
Bulgaria,Total,Total,country/region,2021-03-25,-28.549999999999997,,-13.090000000000003
Bulgaria,Total,Total,country/region,2021-03-26,-17.950000000000003,,-5.969999999999999
Bulgaria,Total,Total,country/region,2021-03-27,-11.739999999999995,,1.1700000000000017
Bulgaria,Total,Total,country/region,2021-03-28,-19.560000000000002,,-11.530000000000001
Bulgaria,Total,Total,country/region,2021-03-29,-27.590000000000003,,-9.819999999999993
Bulgaria,Total,Total,country/region,2021-03-30,-23.950000000000003,,-8.090000000000003
Bulgaria,Total,Total,country/region,2021-03-31,-23.150000000000006,,-0.3299999999999983
Bulgaria,Total,Total,country/region,2021-04-01,-20.290000000000006,,-1.0
Bulgaria,Total,Total,country/region,2021-04-02,-11.549999999999997,,6.030000000000001
Bulgaria,Total,Total,country/region,2021-04-03,-17.25,,-8.459999999999994
Bulgaria,Total,Total,country/region,2021-04-04,-26.319999999999993,,-22.86
Bulgaria,Total,Total,country/region,2021-04-05,-19.659999999999997,,4.439999999999998
Bulgaria,Total,Total,country/region,2021-04-06,-17.340000000000003,,6.670000000000002
Bulgaria,Total,Total,country/region,2021-04-07,-16.67,,-8.819999999999993
Bulgaria,Total,Total,country/region,2021-04-08,-5.459999999999994,,7.230000000000004
Bulgaria,Total,Total,country/region,2021-04-09,2.489999999999995,,16.75
Bulgaria,Total,Total,country/region,2021-04-10,1.75,,16.47
Bulgaria,Total,Total,country/region,2021-04-11,0.6299999999999955,,7.980000000000004
Bulgaria,Total,Total,country/region,2021-04-12,-16.67,,11.689999999999998
Bulgaria,Total,Total,country/region,2021-04-13,-16.14,,-2.819999999999993
Bulgaria,Total,Total,country/region,2021-04-14,-15.170000000000002,,5.530000000000001
Bulgaria,Total,Total,country/region,2021-04-15,-16.42,,1.3700000000000045
Bulgaria,Total,Total,country/region,2021-04-16,-2.530000000000001,,15.099999999999994
Bulgaria,Total,Total,country/region,2021-04-17,-8.780000000000001,,-2.989999999999995
Bulgaria,Total,Total,country/region,2021-04-18,-16.310000000000002,,-14.069999999999993
Bulgaria,Total,Total,country/region,2021-04-19,-19.340000000000003,,-9.379999999999995
Bulgaria,Total,Total,country/region,2021-04-20,-16.64,,5.890000000000001
Bulgaria,Total,Total,country/region,2021-04-21,-13.799999999999997,,10.409999999999997
Bulgaria,Total,Total,country/region,2021-04-22,-8.159999999999997,,12.810000000000002
Bulgaria,Total,Total,country/region,2021-04-23,3.4000000000000057,,27.629999999999995
Bulgaria,Total,Total,country/region,2021-04-24,1.7399999999999949,,21.040000000000006
Bulgaria,Total,Total,country/region,2021-04-25,-0.6700000000000017,,7.730000000000004
Bulgaria,Total,Total,country/region,2021-04-26,-11.659999999999997,,11.019999999999996
Bulgaria,Total,Total,country/region,2021-04-27,-8.819999999999993,,11.25
Bulgaria,Total,Total,country/region,2021-04-28,-2.9000000000000057,,16.549999999999997
Bulgaria,Total,Total,country/region,2021-04-29,13.379999999999995,,21.519999999999996
Bulgaria,Total,Total,country/region,2021-04-30,36.41999999999999,,17.75
Bulgaria,Total,Total,country/region,2021-05-01,-3.6200000000000045,,2.180000000000007
Bulgaria,Total,Total,country/region,2021-05-02,-7.549999999999997,,-15.739999999999995
Bulgaria,Total,Total,country/region,2021-05-03,11.230000000000004,,10.969999999999999
Bulgaria,Total,Total,country/region,2021-05-04,7.090000000000003,,15.689999999999998
Bulgaria,Total,Total,country/region,2021-05-05,3.230000000000004,,17.11
Bulgaria,Total,Total,country/region,2021-05-06,6.6299999999999955,,19.260000000000005
Bulgaria,Total,Total,country/region,2021-05-07,16.89,,40.22
Bulgaria,Total,Total,country/region,2021-05-08,14.090000000000003,,30.560000000000002
Bulgaria,Total,Total,country/region,2021-05-09,12.409999999999997,,16.129999999999995
Bulgaria,Total,Total,country/region,2021-05-10,-4.25,,25.900000000000006
Bulgaria,Total,Total,country/region,2021-05-11,-0.06999999999999318,,35.139999999999986
Bulgaria,Total,Total,country/region,2021-05-12,-1.3100000000000023,,24.590000000000003
Bulgaria,Total,Total,country/region,2021-05-13,3.569999999999993,,33.599999999999994
Bulgaria,Total,Total,country/region,2021-05-14,24.799999999999997,,66.87
Bulgaria,Total,Total,country/region,2021-05-15,17.540000000000006,,48.81
Bulgaria,Total,Total,country/region,2021-05-16,8.670000000000002,,11.25
Bulgaria,Total,Total,country/region,2021-05-17,-3.6899999999999977,,20.629999999999995
Bulgaria,Total,Total,country/region,2021-05-18,8.340000000000003,,39.21000000000001
Bulgaria,Total,Total,country/region,2021-05-19,8.590000000000003,,41.56
Bulgaria,Total,Total,country/region,2021-05-20,8.439999999999998,,33.629999999999995
Bulgaria,Total,Total,country/region,2021-05-21,29.080000000000013,,52.44
Bulgaria,Total,Total,country/region,2021-05-22,37.389999999999986,,59.56
Bulgaria,Total,Total,country/region,2021-05-23,23.909999999999997,,35.41999999999999
Bulgaria,Total,Total,country/region,2021-05-24,20.310000000000002,,52.66999999999999
Bulgaria,Total,Total,country/region,2021-05-25,7.140000000000001,,42.16999999999999
Bulgaria,Total,Total,country/region,2021-05-26,5.420000000000002,,44.78999999999999
Bulgaria,Total,Total,country/region,2021-05-27,9.230000000000004,,34.16
Bulgaria,Total,Total,country/region,2021-05-28,26.849999999999994,,45.629999999999995
Bulgaria,Total,Total,country/region,2021-05-29,23.569999999999993,,71.63999999999999
Bulgaria,Total,Total,country/region,2021-05-30,14.870000000000005,,12.89
Bulgaria,Total,Total,country/region,2021-05-31,7.670000000000002,,26.900000000000006
Bulgaria,Total,Total,country/region,2021-06-01,6.459999999999994,,31.97999999999999
Bulgaria,Total,Total,country/region,2021-06-02,8.790000000000006,,35.72
Bulgaria,Total,Total,country/region,2021-06-03,14.700000000000003,,45.66
Bulgaria,Total,Total,country/region,2021-06-04,32.80000000000001,,60.69999999999999
Bulgaria,Total,Total,country/region,2021-06-05,33.16,,70.97
Bulgaria,Total,Total,country/region,2021-06-06,27.310000000000002,,34.02000000000001
Bulgaria,Total,Total,country/region,2021-06-07,7.609999999999999,,29.110000000000014
Bulgaria,Total,Total,country/region,2021-06-08,10.819999999999993,,43.28999999999999
Bulgaria,Total,Total,country/region,2021-06-09,13.310000000000002,,48.620000000000005
Bulgaria,Total,Total,country/region,2021-06-10,16.799999999999997,,49.599999999999994
Bulgaria,Total,Total,country/region,2021-06-11,36.56,,67.37
Bulgaria,Total,Total,country/region,2021-06-12,33.370000000000005,,70.03
Bulgaria,Total,Total,country/region,2021-06-13,25.61,,20.290000000000006
Bulgaria,Total,Total,country/region,2021-06-14,15.989999999999995,,39.94
Bulgaria,Total,Total,country/region,2021-06-15,18.569999999999993,,50.00999999999999
Bulgaria,Total,Total,country/region,2021-06-16,22.159999999999997,,60.400000000000006
Bulgaria,Total,Total,country/region,2021-06-17,25.819999999999993,,56.00999999999999
Bulgaria,Total,Total,country/region,2021-06-18,50.91,,74.63
Bulgaria,Total,Total,country/region,2021-06-19,35.06,,63.27000000000001
Bulgaria,Total,Total,country/region,2021-06-20,41.0,,50.349999999999994
Bulgaria,Total,Total,country/region,2021-06-21,20.25,,61.150000000000006
Bulgaria,Total,Total,country/region,2021-06-22,25.590000000000003,,61.68000000000001
Bulgaria,Total,Total,country/region,2021-06-23,35.72999999999999,,72.34
Bulgaria,Total,Total,country/region,2021-06-24,47.5,,72.15
Bulgaria,Total,Total,country/region,2021-06-25,79.27000000000001,,100.22
Bulgaria,Total,Total,country/region,2021-06-26,65.12,,91.91
Bulgaria,Total,Total,country/region,2021-06-27,74.56,,65.38999999999999
Bulgaria,Total,Total,country/region,2021-06-28,51.629999999999995,,97.38
Bulgaria,Total,Total,country/region,2021-06-29,49.389999999999986,,99.02000000000001
Bulgaria,Total,Total,country/region,2021-06-30,80.03999999999999,,128.41
Bulgaria,Total,Total,country/region,2021-07-01,73.93,,100.66999999999999
Bulgaria,Total,Total,country/region,2021-07-02,95.91999999999999,,129.53
Bulgaria,Total,Total,country/region,2021-07-03,99.35,,111.08000000000001
Bulgaria,Total,Total,country/region,2021-07-04,118.69999999999999,,116.33000000000001
Bulgaria,Total,Total,country/region,2021-07-05,82.61000000000001,,126.85
Bulgaria,Total,Total,country/region,2021-07-06,75.86000000000001,,137.62
Bulgaria,Total,Total,country/region,2021-07-07,74.16999999999999,,126.6
Bulgaria,Total,Total,country/region,2021-07-08,89.97999999999999,,142.53
Bulgaria,Total,Total,country/region,2021-07-09,121.99000000000001,,149.79
Bulgaria,Total,Total,country/region,2021-07-10,111.16999999999999,,134.11
Bulgaria,Total,Total,country/region,2021-07-11,122.08000000000001,,106.53
Bulgaria,Total,Total,country/region,2021-07-12,110.06,,150.96
Bulgaria,Total,Total,country/region,2021-07-13,91.55000000000001,,147.36
Bulgaria,Total,Total,country/region,2021-07-14,107.72999999999999,,150.04
Bulgaria,Total,Total,country/region,2021-07-15,128.31,,159.25
Bulgaria,Total,Total,country/region,2021-07-16,143.06,,182.47000000000003
Bulgaria,Total,Total,country/region,2021-07-17,148.77,,180.24
Bulgaria,Total,Total,country/region,2021-07-18,169.22000000000003,,144.13
Bulgaria,Total,Total,country/region,2021-07-19,115.35,,162.07
Bulgaria,Total,Total,country/region,2021-07-20,103.28999999999999,,176.57999999999998
Bulgaria,Total,Total,country/region,2021-07-21,117.61000000000001,,183.27999999999997
Bulgaria,Total,Total,country/region,2021-07-22,134.15,,198.88
Bulgaria,Total,Total,country/region,2021-07-23,153.86,,198.44
Bulgaria,Total,Total,country/region,2021-07-24,154.53,,193.13
Bulgaria,Total,Total,country/region,2021-07-25,165.77999999999997,,179.63
Bulgaria,Total,Total,country/region,2021-07-26,139.11,,222.63
Bulgaria,Total,Total,country/region,2021-07-27,128.95,,201.58999999999997
Bulgaria,Total,Total,country/region,2021-07-28,139.15,,203.68
Bulgaria,Total,Total,country/region,2021-07-29,157.76999999999998,,187.64
Bulgaria,Total,Total,country/region,2021-07-30,187.07,,212.17000000000002
Bulgaria,Total,Total,country/region,2021-07-31,181.89999999999998,,190.48000000000002
Bulgaria,Total,Total,country/region,2021-08-01,193.68,,184.06
Bulgaria,Total,Total,country/region,2021-08-02,178.74,,218.2
Bulgaria,Total,Total,country/region,2021-08-03,139.23,,214.18
Bulgaria,Total,Total,country/region,2021-08-04,151.29,,218.77999999999997
Bulgaria,Total,Total,country/region,2021-08-05,168.56,,213.31
Bulgaria,Total,Total,country/region,2021-08-06,190.67000000000002,,248.39999999999998
Bulgaria,Total,Total,country/region,2021-08-07,171.89999999999998,,221.38
Bulgaria,Total,Total,country/region,2021-08-08,172.89999999999998,,195.67000000000002
Bulgaria,Total,Total,country/region,2021-08-09,151.31,,218.2
Bulgaria,Total,Total,country/region,2021-08-10,139.59,,219.06
Bulgaria,Total,Total,country/region,2021-08-11,148.21,,221.13
Bulgaria,Total,Total,country/region,2021-08-12,162.66000000000003,,211.52999999999997
Bulgaria,Total,Total,country/region,2021-08-13,186.51999999999998,,242.12
Bulgaria,Total,Total,country/region,2021-08-14,175.85000000000002,,218.87
Bulgaria,Total,Total,country/region,2021-08-15,171.82999999999998,,194.31
Bulgaria,Total,Total,country/region,2021-08-16,143.98,,209.55
Bulgaria,Total,Total,country/region,2021-08-17,138.1,,208.32
Bulgaria,Total,Total,country/region,2021-08-18,141.01,,202.39999999999998
Bulgaria,Total,Total,country/region,2021-08-19,159.33999999999997,,219.56
Bulgaria,Total,Total,country/region,2021-08-20,180.95999999999998,,211.07999999999998
Bulgaria,Total,Total,country/region,2021-08-21,154.06,,188.98000000000002
Bulgaria,Total,Total,country/region,2021-08-22,159.2,,166.87
Bulgaria,Total,Total,country/region,2021-08-23,133.01,,177.2
Bulgaria,Total,Total,country/region,2021-08-24,130.03,,178.45
Bulgaria,Total,Total,country/region,2021-08-25,139.85,,162.66000000000003
Bulgaria,Total,Total,country/region,2021-08-26,147.61,,160.45
Bulgaria,Total,Total,country/region,2021-08-27,160.45999999999998,,178.57
Bulgaria,Total,Total,country/region,2021-08-28,125.09,,138.49
Bulgaria,Total,Total,country/region,2021-08-29,124.44999999999999,,109.55000000000001
Bulgaria,Total,Total,country/region,2021-08-30,101.72999999999999,,137.87
Bulgaria,Total,Total,country/region,2021-08-31,95.11000000000001,,120.78999999999999
Bulgaria,Total,Total,country/region,2021-09-01,83.25999999999999,,128.19
Bulgaria,Total,Total,country/region,2021-09-02,88.25,,133.21
Bulgaria,Total,Total,country/region,2021-09-03,100.77000000000001,,124.9
Bulgaria,Total,Total,country/region,2021-09-04,96.13999999999999,,139.3
Bulgaria,Total,Total,country/region,2021-09-05,75.63999999999999,,102.34
Bulgaria,Total,Total,country/region,2021-09-06,80.97999999999999,,113.72999999999999
Bulgaria,Total,Total,country/region,2021-09-07,62.16,,117.0
Bulgaria,Total,Total,country/region,2021-09-08,57.610000000000014,,130.31
Bulgaria,Total,Total,country/region,2021-09-09,60.31999999999999,,107.56
Bulgaria,Total,Total,country/region,2021-09-10,71.12,,135.81
Bulgaria,Total,Total,country/region,2021-09-11,53.110000000000014,,100.5
Bulgaria,Total,Total,country/region,2021-09-12,47.02000000000001,,86.69
Bulgaria,Total,Total,country/region,2021-09-13,39.93000000000001,,114.15
Bulgaria,Total,Total,country/region,2021-09-14,37.81999999999999,,112.69999999999999
Bulgaria,Total,Total,country/region,2021-09-15,31.930000000000007,,112.72999999999999
Bulgaria,Total,Total,country/region,2021-09-16,33.68000000000001,,100.25
Bulgaria,Total,Total,country/region,2021-09-17,47.099999999999994,,98.27000000000001
Bulgaria,Total,Total,country/region,2021-09-18,32.47,,71.34
Bulgaria,Total,Total,country/region,2021-09-19,28.439999999999998,,58.389999999999986
Bulgaria,Total,Total,country/region,2021-09-20,29.599999999999994,,104.44
Bulgaria,Total,Total,country/region,2021-09-21,30.439999999999998,,101.53999999999999
Bulgaria,Total,Total,country/region,2021-09-22,32.21000000000001,,84.9
Bulgaria,Total,Total,country/region,2021-09-23,31.389999999999986,,91.88
Bulgaria,Total,Total,country/region,2021-09-24,44.78999999999999,,121.35
Bulgaria,Total,Total,country/region,2021-09-25,43.34,,133.21
Bulgaria,Total,Total,country/region,2021-09-26,47.41999999999999,,113.93
Bulgaria,Total,Total,country/region,2021-09-27,25.25,,112.19999999999999
Bulgaria,Total,Total,country/region,2021-09-28,21.879999999999995,,91.52000000000001
Bulgaria,Total,Total,country/region,2021-09-29,21.75,,98.69
Bulgaria,Total,Total,country/region,2021-09-30,25.290000000000006,,91.21000000000001
Bulgaria,Total,Total,country/region,2021-10-01,36.75,,109.94
Bulgaria,Total,Total,country/region,2021-10-02,27.53,,102.15
Bulgaria,Total,Total,country/region,2021-10-03,29.97999999999999,,79.71000000000001
Bulgaria,Total,Total,country/region,2021-10-04,13.760000000000005,,90.82
Bulgaria,Total,Total,country/region,2021-10-05,12.379999999999995,,80.18
Bulgaria,Total,Total,country/region,2021-10-06,13.349999999999994,,75.88999999999999
Bulgaria,Total,Total,country/region,2021-10-07,21.11,,58.389999999999986
Bulgaria,Total,Total,country/region,2021-10-08,38.5,,77.53
Bulgaria,Total,Total,country/region,2021-10-09,20.480000000000004,,74.1
Bulgaria,Total,Total,country/region,2021-10-10,14.590000000000003,,42.03
Bulgaria,Total,Total,country/region,2021-10-11,4.180000000000007,,55.870000000000005
Bulgaria,Total,Total,country/region,2021-10-12,9.010000000000005,,55.68000000000001
Bulgaria,Total,Total,country/region,2021-10-13,3.319999999999993,,67.28999999999999
Bulgaria,Total,Total,country/region,2021-10-14,10.189999999999998,,45.379999999999995
Bulgaria,Total,Total,country/region,2021-10-15,21.64,,62.599999999999994
Bulgaria,Total,Total,country/region,2021-10-16,10.459999999999994,,73.25999999999999
Bulgaria,Total,Total,country/region,2021-10-17,8.819999999999993,,53.389999999999986
Bulgaria,Total,Total,country/region,2021-10-18,6.359999999999999,,69.1
Bulgaria,Total,Total,country/region,2021-10-19,7.549999999999997,,73.12
Bulgaria,Total,Total,country/region,2021-10-20,10.680000000000007,,77.94999999999999
Bulgaria,Total,Total,country/region,2021-10-21,11.120000000000005,,65.22
Bulgaria,Total,Total,country/region,2021-10-22,20.540000000000006,,85.63
Bulgaria,Total,Total,country/region,2021-10-23,10.89,,84.93
Bulgaria,Total,Total,country/region,2021-10-24,3.430000000000007,,41.16999999999999
Bulgaria,Total,Total,country/region,2021-10-25,-7.680000000000007,,43.31999999999999
Bulgaria,Total,Total,country/region,2021-10-26,-2.180000000000007,,51.55000000000001
Bulgaria,Total,Total,country/region,2021-10-27,-3.469999999999999,,51.30000000000001
Bulgaria,Total,Total,country/region,2021-10-28,3.5900000000000034,,62.41
Bulgaria,Total,Total,country/region,2021-10-29,21.519999999999996,,81.02000000000001
Bulgaria,Total,Total,country/region,2021-10-30,11.819999999999993,,82.44
Bulgaria,Total,Total,country/region,2021-10-31,10.219999999999999,,56.71000000000001
Bulgaria,Total,Total,country/region,2021-11-01,0.10999999999999943,,53.16999999999999
Bulgaria,Total,Total,country/region,2021-11-02,-6.290000000000006,,28.580000000000013
Bulgaria,Total,Total,country/region,2021-11-03,-4.319999999999993,,34.91
Bulgaria,Total,Total,country/region,2021-11-04,-0.6899999999999977,,46.80000000000001
Bulgaria,Total,Total,country/region,2021-11-05,9.909999999999997,,64.63999999999999
Bulgaria,Total,Total,country/region,2021-11-06,4.8700000000000045,,56.21000000000001
Bulgaria,Total,Total,country/region,2021-11-07,-1.8700000000000045,,25.959999999999994
Bulgaria,Total,Total,country/region,2021-11-08,-10.61,,24.810000000000002
Bulgaria,Total,Total,country/region,2021-11-09,-9.769999999999996,,14.930000000000007
Bulgaria,Total,Total,country/region,2021-11-10,-6.8799999999999955,,24.28
Bulgaria,Total,Total,country/region,2021-11-11,-4.760000000000005,,33.46000000000001
Bulgaria,Total,Total,country/region,2021-11-12,8.239999999999995,,72.50999999999999
Bulgaria,Total,Total,country/region,2021-11-13,3.680000000000007,,64.78
Bulgaria,Total,Total,country/region,2021-11-14,-11.159999999999997,,18.03
Bulgaria,Total,Total,country/region,2021-11-15,-10.519999999999996,,14.620000000000005
Bulgaria,Total,Total,country/region,2021-11-16,-10.950000000000003,,15.040000000000006
Bulgaria,Total,Total,country/region,2021-11-17,-7.920000000000002,,29.810000000000002
Bulgaria,Total,Total,country/region,2021-11-18,-7.329999999999998,,24.560000000000002
Bulgaria,Total,Total,country/region,2021-11-19,5.090000000000003,,48.78999999999999
Bulgaria,Total,Total,country/region,2021-11-20,-2.480000000000004,,55.99000000000001
Bulgaria,Total,Total,country/region,2021-11-21,-7.159999999999997,,17.14
Bulgaria,Total,Total,country/region,2021-11-22,-12.069999999999993,,16.409999999999997
Bulgaria,Total,Total,country/region,2021-11-23,-2.4599999999999937,,13.840000000000003
Bulgaria,Total,Total,country/region,2021-11-24,-6.6299999999999955,,18.870000000000005
Bulgaria,Total,Total,country/region,2021-11-25,-4.810000000000002,,21.549999999999997
Bulgaria,Total,Total,country/region,2021-11-26,11.019999999999996,,47.610000000000014
Bulgaria,Total,Total,country/region,2021-11-27,3.0,,56.379999999999995
Bulgaria,Total,Total,country/region,2021-11-28,-2.319999999999993,,8.540000000000006
Bulgaria,Total,Total,country/region,2021-11-29,-13.430000000000007,,1.1200000000000045
Bulgaria,Total,Total,country/region,2021-11-30,-16.849999999999994,,-2.6200000000000045
Bulgaria,Total,Total,country/region,2021-12-01,-13.879999999999995,,14.180000000000007
Bulgaria,Total,Total,country/region,2021-12-02,-11.159999999999997,,17.97
Bulgaria,Total,Total,country/region,2021-12-03,1.5300000000000011,,44.96000000000001
Bulgaria,Total,Total,country/region,2021-12-04,-3.299999999999997,,46.58000000000001
Bulgaria,Total,Total,country/region,2021-12-05,-8.549999999999997,,11.14
Bulgaria,Total,Total,country/region,2021-12-06,-11.829999999999998,,10.879999999999995
Bulgaria,Total,Total,country/region,2021-12-07,-0.18000000000000682,,16.439999999999998
Bulgaria,Total,Total,country/region,2021-12-08,0.2600000000000051,,33.379999999999995
Bulgaria,Total,Total,country/region,2021-12-09,4.640000000000001,,32.099999999999994
Bulgaria,Total,Total,country/region,2021-12-10,19.260000000000005,,73.9
Bulgaria,Total,Total,country/region,2021-12-11,5.670000000000002,,61.74000000000001
Bulgaria,Total,Total,country/region,2021-12-12,-2.1400000000000006,,5.219999999999999
Bulgaria,Total,Total,country/region,2021-12-13,-11.049999999999997,,7.340000000000003
Bulgaria,Total,Total,country/region,2021-12-14,-9.5,,12.75
Bulgaria,Total,Total,country/region,2021-12-15,-4.420000000000002,,13.480000000000004
Bulgaria,Total,Total,country/region,2021-12-16,2.4599999999999937,,23.33
Bulgaria,Total,Total,country/region,2021-12-17,21.540000000000006,,37.44999999999999
Bulgaria,Total,Total,country/region,2021-12-18,13.549999999999997,,34.91
Bulgaria,Total,Total,country/region,2021-12-19,4.599999999999994,,1.5400000000000063
Bulgaria,Total,Total,country/region,2021-12-20,6.829999999999998,,22.939999999999998
Bulgaria,Total,Total,country/region,2021-12-21,9.209999999999994,,23.92
Bulgaria,Total,Total,country/region,2021-12-22,16.849999999999994,,29.560000000000002
Bulgaria,Total,Total,country/region,2021-12-23,30.02000000000001,,27.569999999999993
Bulgaria,Total,Total,country/region,2021-12-24,-4.689999999999998,,-15.150000000000006
Bulgaria,Total,Total,country/region,2021-12-25,-11.969999999999999,,-13.790000000000006
Bulgaria,Total,Total,country/region,2021-12-26,11.489999999999995,,3.680000000000007
Bulgaria,Total,Total,country/region,2021-12-27,16.950000000000003,,36.66999999999999
Bulgaria,Total,Total,country/region,2021-12-28,23.269999999999996,,45.83000000000001
Bulgaria,Total,Total,country/region,2021-12-29,31.94999999999999,,49.31999999999999
Bulgaria,Total,Total,country/region,2021-12-30,37.96000000000001,,56.74000000000001
Bulgaria,Total,Total,country/region,2021-12-31,8.829999999999998,,78.57
Bulgaria,Total,Total,country/region,2022-01-01,-11.650000000000006,,4.349999999999994
Bulgaria,Total,Total,country/region,2022-01-02,46.47,,39.58000000000001
Bulgaria,Total,Total,country/region,2022-01-03,12.620000000000005,,34.110000000000014
Bulgaria,Total,Total,country/region,2022-01-04,3.1299999999999955,,30.590000000000003
Bulgaria,Total,Total,country/region,2022-01-05,9.519999999999996,,39.74000000000001
Bulgaria,Total,Total,country/region,2022-01-06,9.61,,36.0
Bulgaria,Total,Total,country/region,2022-01-07,14.239999999999995,,27.489999999999995
Bulgaria,Total,Total,country/region,2022-01-08,10.980000000000004,,19.959999999999994
Bulgaria,Total,Total,country/region,2022-01-09,-0.7099999999999937,,-1.230000000000004
Bulgaria,Total,Total,country/region,2022-01-10,-6.230000000000004,,8.430000000000007
Bulgaria,Total,Total,country/region,2022-01-11,-9.989999999999995,,3.2900000000000063
Bulgaria,Total,Total,country/region,2022-01-12,-10.620000000000005,,4.269999999999996
Bulgaria,Total,Total,country/region,2022-01-13,-10.299999999999997,,9.709999999999994
Bulgaria,Total,Total,country/region,2022-01-14,1.2900000000000063,,17.159999999999997
Bulgaria,Total,Total,country/region,2022-01-15,0.3400000000000034,,27.239999999999995
Bulgaria,Total,Total,country/region,2022-01-16,-6.6299999999999955,,6.730000000000004
Bulgaria,Total,Total,country/region,2022-01-17,-14.840000000000003,,12.5
Bulgaria,Total,Total,country/region,2022-01-18,-11.64,,2.8499999999999943
Bulgaria,Total,Total,country/region,2022-01-19,-10.879999999999995,,14.569999999999993
Bulgaria,Total,Total,country/region,2022-01-20,-7.540000000000006,,21.069999999999993
Bulgaria,Total,Total,country/region,2022-01-21,-3.6099999999999994,,11.61
Bulgaria,Total,Total,country/region,2022-01-22,-4.569999999999993,,21.459999999999994
Bulgaria,Total,Total,country/region,2022-01-23,-13.969999999999999,,-9.430000000000007
Bulgaria,Total,Total,country/region,2022-01-24,-18.290000000000006,,-3.269999999999996
Bulgaria,Total,Total,country/region,2022-01-25,-16.290000000000006,,1.3700000000000045
Bulgaria,Total,Total,country/region,2022-01-26,-16.049999999999997,,1.9000000000000057
Bulgaria,Total,Total,country/region,2022-01-27,-14.129999999999995,,9.209999999999994
Bulgaria,Total,Total,country/region,2022-01-28,-1.5999999999999943,,25.540000000000006
Bulgaria,Total,Total,country/region,2022-01-29,2.5400000000000063,,32.53999999999999
Bulgaria,Total,Total,country/region,2022-01-30,-7.579999999999998,,6.560000000000002
Bulgaria,Total,Total,country/region,2022-01-31,-8.530000000000001,,31.400000000000006
Bulgaria,Total,Total,country/region,2022-02-01,-7.439999999999998,,12.0
Bulgaria,Total,Total,country/region,2022-02-02,-5.299999999999997,,17.39
Bulgaria,Total,Total,country/region,2022-02-03,-5.510000000000005,,20.400000000000006
Bulgaria,Total,Total,country/region,2022-02-04,5.510000000000005,,46.91999999999999
Bulgaria,Total,Total,country/region,2022-02-05,11.379999999999995,,64.53
Bulgaria,Total,Total,country/region,2022-02-06,2.569999999999993,,29.94999999999999
Bulgaria,Total,Total,country/region,2022-02-07,-9.829999999999998,,23.950000000000003
Bulgaria,Total,Total,country/region,2022-02-08,-7.980000000000004,,21.269999999999996
Bulgaria,Total,Total,country/region,2022-02-09,-5.590000000000003,,24.620000000000005
Bulgaria,Total,Total,country/region,2022-02-10,-1.6899999999999977,,36.50999999999999
Bulgaria,Total,Total,country/region,2022-02-11,17.33,,62.55000000000001
Bulgaria,Total,Total,country/region,2022-02-12,16.409999999999997,,67.22999999999999
Bulgaria,Total,Total,country/region,2022-02-13,6.599999999999994,,27.269999999999996
Bulgaria,Total,Total,country/region,2022-02-14,-1.6299999999999955,,44.24000000000001
Bulgaria,Total,Total,country/region,2022-02-15,0.28000000000000114,,42.81
Bulgaria,Total,Total,country/region,2022-02-16,1.2399999999999949,,39.849999999999994
Bulgaria,Total,Total,country/region,2022-02-17,6.060000000000002,,52.860000000000014
Bulgaria,Total,Total,country/region,2022-02-18,19.64,,69.86000000000001
Bulgaria,Total,Total,country/region,2022-02-19,27.75,,105.16
Bulgaria,Total,Total,country/region,2022-02-20,10.239999999999995,,40.860000000000014
Bulgaria,Total,Total,country/region,2022-02-21,0.6400000000000006,,44.66
Bulgaria,Total,Total,country/region,2022-02-22,-0.9500000000000028,,39.83000000000001
Bulgaria,Total,Total,country/region,2022-02-23,1.3799999999999955,,49.22999999999999
Bulgaria,Total,Total,country/region,2022-02-24,9.930000000000007,,41.75
Bulgaria,Total,Total,country/region,2022-02-25,24.650000000000006,,78.87
Bulgaria,Total,Total,country/region,2022-02-26,22.439999999999998,,90.62
Bulgaria,Total,Total,country/region,2022-02-27,14.409999999999997,,9.150000000000006
Bulgaria,Total,Total,country/region,2022-02-28,-2.3799999999999955,,28.02000000000001
Bulgaria,Total,Total,country/region,2022-03-01,-3.6099999999999994,,24.67
Bulgaria,Total,Total,country/region,2022-03-02,7.989999999999995,,41.639999999999986
Bulgaria,Total,Total,country/region,2022-03-03,8.450000000000003,,50.43000000000001
Bulgaria,Total,Total,country/region,2022-03-04,14.060000000000002,,78.78999999999999
Bulgaria,Total,Total,country/region,2022-03-05,15.810000000000002,,73.49000000000001
Bulgaria,Total,Total,country/region,2022-03-06,13.14,,32.379999999999995
Bulgaria,Total,Total,country/region,2022-03-07,4.939999999999998,,46.58000000000001
Bulgaria,Total,Total,country/region,2022-03-08,4.329999999999998,,54.370000000000005
Bulgaria,Total,Total,country/region,2022-03-09,3.769999999999996,,51.860000000000014
Bulgaria,Total,Total,country/region,2022-03-10,7.159999999999997,,54.75999999999999
Bulgaria,Total,Total,country/region,2022-03-11,18.83,,78.78999999999999
Bulgaria,Total,Total,country/region,2022-03-12,11.989999999999995,,80.27000000000001
Bulgaria,Total,Total,country/region,2022-03-13,7.329999999999998,,47.31
Bulgaria,Total,Total,country/region,2022-03-14,3.180000000000007,,62.24000000000001
Bulgaria,Total,Total,country/region,2022-03-15,5.730000000000004,,65.72999999999999
Bulgaria,Total,Total,country/region,2022-03-16,10.989999999999995,,55.900000000000006
Bulgaria,Total,Total,country/region,2022-03-17,9.620000000000005,,55.150000000000006
Bulgaria,Total,Total,country/region,2022-03-18,34.620000000000005,,112.75
Bulgaria,Total,Total,country/region,2022-03-19,22.28,,98.21000000000001
Bulgaria,Total,Total,country/region,2022-03-20,11.64,,42.900000000000006
Bulgaria,Total,Total,country/region,2022-03-22,2.9000000000000057,,56.21000000000001
Bulgaria,Total,Total,country/region,2022-03-23,8.730000000000004,,64.0
Bulgaria,Total,Total,country/region,2022-03-24,15.040000000000006,,78.47999999999999
Bulgaria,Total,Total,country/region,2022-03-25,33.099999999999994,,122.08000000000001
Bulgaria,Total,Total,country/region,2022-03-26,38.08000000000001,,143.51
Bulgaria,Total,Total,country/region,2022-03-27,24.049999999999997,,85.96000000000001
Bulgaria,Total,Total,country/region,2022-03-28,7.989999999999995,,70.28
Bulgaria,Total,Total,country/region,2022-03-29,7.430000000000007,,69.97
Bulgaria,Total,Total,country/region,2022-03-30,13.939999999999998,,76.44
Bulgaria,Total,Total,country/region,2022-03-31,20.959999999999994,,82.56
Bulgaria,Total,Total,country/region,2022-04-01,34.30000000000001,,96.93
Bulgaria,Total,Total,country/region,2022-04-02,25.019999999999996,,87.97
Bulgaria,Total,Total,country/region,2022-04-03,21.040000000000006,,59.53
Bulgaria,Total,Total,country/region,2022-04-04,17.810000000000002,,75.08000000000001
Bulgaria,Total,Total,country/region,2022-04-05,20.939999999999998,,96.99000000000001
Bulgaria,Total,Total,country/region,2022-04-06,29.919999999999987,,112.41999999999999
Bulgaria,Total,Total,country/region,2022-04-07,29.830000000000013,,82.91999999999999
Bulgaria,Total,Total,country/region,2022-04-08,47.09,,142.0
Bulgaria,Total,Total,country/region,2022-04-09,44.75999999999999,,132.68
Bulgaria,Total,Total,country/region,2022-04-10,25.950000000000003,,38.81999999999999
Bulgaria,Total,Total,country/region,2022-04-11,19.340000000000003,,80.38
Bulgaria,Total,Total,country/region,2022-04-12,27.450000000000003,,93.55000000000001
