date,n,with_casualties,injured,died
2021-01-01,5,0,0,0
2021-01-02,10,0,0,0
2021-01-03,14,0,0,0
2021-01-04,20,2,2,0
2021-01-05,16,4,4,0
2021-01-06,25,1,1,0
2021-01-07,23,1,1,0
2021-01-08,15,2,2,0
2021-01-09,27,0,0,0
2021-01-10,10,1,1,0
2021-01-11,24,2,2,0
2021-01-12,24,2,2,0
2021-01-13,11,0,0,0
2021-01-14,23,2,2,0
2021-01-15,14,2,2,0
2021-01-16,12,0,0,0
2021-01-17,11,0,0,0
2021-01-18,30,0,0,0
2021-01-19,19,2,2,0
2021-01-20,32,3,3,0
2021-01-21,35,4,4,0
2021-01-22,22,0,0,0
2021-01-23,16,0,0,0
2021-01-24,13,0,0,0
2021-01-25,27,4,4,0
2021-01-26,34,2,2,0
2021-01-27,27,2,2,0
2021-01-28,15,0,0,0
2021-01-29,20,2,2,0
2021-01-30,25,0,0,0
2021-01-31,12,0,0,0
2021-02-01,24,2,2,0
2021-02-02,24,2,2,0
2021-02-03,18,0,0,0
2021-02-04,28,0,0,0
2021-02-05,22,1,1,0
2021-02-06,14,0,0,0
2021-02-07,18,2,2,0
2021-02-08,28,5,5,0
2021-02-09,28,1,1,0
2021-02-10,21,1,1,0
2021-02-11,36,5,4,1
2021-02-12,22,2,2,0
2021-02-13,24,1,1,0
2021-02-14,16,0,0,0
2021-02-15,30,2,2,0
2021-02-16,23,3,3,0
2021-02-17,18,2,1,1
2021-02-18,22,2,2,0
2021-02-19,31,1,1,0
2021-02-20,29,2,2,0
2021-02-21,10,0,0,0
2021-02-22,24,2,2,0
2021-02-23,27,1,1,0
2021-02-24,31,1,1,0
2021-02-25,28,1,1,0
2021-02-26,28,2,2,0
2021-02-27,22,1,1,0
2021-02-28,15,0,0,0
2021-03-01,31,4,3,1
2021-03-02,30,3,3,0
2021-03-03,16,0,0,0
2021-03-04,24,0,0,0
2021-03-05,32,3,3,0
2021-03-06,18,2,2,0
2021-03-07,5,0,0,0
2021-03-08,25,3,3,0
2021-03-09,25,1,1,0
2021-03-10,23,1,1,0
2021-03-11,25,3,3,0
2021-03-12,28,2,1,1
2021-03-13,13,1,1,0
2021-03-14,15,1,1,0
2021-03-15,31,1,1,0
2021-03-16,22,1,1,0
2021-03-17,29,1,1,0
2021-03-18,24,0,0,0
2021-03-19,24,3,3,0
2021-03-20,18,0,0,0
2021-03-21,22,0,0,0
2021-03-22,25,2,2,0
2021-03-23,27,0,0,0
2021-03-24,27,2,2,0
2021-03-25,17,1,1,0
2021-03-26,26,3,3,0
2021-03-27,16,1,1,0
2021-03-28,12,0,0,0
2021-03-29,19,4,4,0
2021-03-30,20,1,1,0
2021-03-31,30,2,2,0
2021-04-01,27,2,2,0
2021-04-02,19,1,1,0
2021-04-03,22,1,1,0
2021-04-04,22,1,1,0
2021-04-05,27,2,2,0
2021-04-06,29,2,2,0
2021-04-07,22,2,2,0
2021-04-08,17,0,0,0
2021-04-09,30,3,3,0
2021-04-10,19,0,0,0
2021-04-11,20,2,2,0
2021-04-12,26,2,2,0
2021-04-13,30,3,2,1
2021-04-14,26,0,0,0
2021-04-15,19,0,0,0
2021-04-16,30,4,4,0
2021-04-17,18,0,0,0
2021-04-18,17,1,1,0
2021-04-19,28,2,2,0
2021-04-20,29,0,0,0
2021-04-21,25,0,0,0
2021-04-22,24,3,3,0
2021-04-23,28,0,0,0
2021-04-24,20,2,2,0
2021-04-25,18,2,2,0
2021-04-26,26,2,2,0
2021-04-27,34,3,3,0
2021-04-28,32,0,0,0
2021-04-29,30,2,2,0
2021-04-30,24,1,1,0
2021-05-01,11,1,1,0
2021-05-02,12,1,1,0
2021-05-03,7,1,1,0
2021-05-04,9,0,0,0
2021-05-05,19,2,2,0
2021-05-06,14,1,1,0
2021-05-07,13,0,0,0
2021-05-08,12,2,2,0
2021-05-09,17,2,1,1
2021-05-10,22,2,2,0
2021-05-11,35,1,1,0
2021-05-12,26,1,0,1
2021-05-13,30,2,2,0
2021-05-14,32,2,2,0
2021-05-15,14,1,1,0
2021-05-16,10,0,0,0
2021-05-17,40,4,4,0
2021-05-18,22,4,4,0
2021-05-19,24,3,2,1
2021-05-20,30,1,1,0
2021-05-21,36,0,0,0
2021-05-22,19,3,3,0
2021-05-23,11,1,0,1
2021-05-24,14,2,2,0
2021-05-25,35,2,2,0
2021-05-26,28,0,0,0
2021-05-27,34,1,1,0
2021-05-28,27,1,1,0
2021-05-29,15,3,2,1
2021-05-30,19,1,1,0
2021-05-31,23,2,2,0
2021-06-01,22,0,0,0
2021-06-02,19,0,0,0
2021-06-03,27,0,0,0
2021-06-04,18,0,0,0
2021-06-05,15,3,3,0
2021-06-06,17,2,2,0
2021-06-07,40,3,3,0
2021-06-08,26,2,2,0
2021-06-09,17,2,2,0
2021-06-10,26,1,1,0
2021-06-11,37,3,3,0
2021-06-12,18,2,2,0
2021-06-13,19,0,0,0
2021-06-14,31,0,0,0
2021-06-15,28,4,4,0
2021-06-16,20,1,1,0
2021-06-17,12,3,3,0
2021-06-18,29,2,2,0
2021-06-19,23,1,1,0
2021-06-20,16,3,3,0
2021-06-21,20,4,4,0
2021-06-22,37,2,2,0
2021-06-23,29,4,2,2
2021-06-24,17,4,4,0
2021-06-25,21,3,3,0
2021-06-26,15,0,0,0
2021-06-27,18,1,0,1
2021-06-28,25,3,3,0
2021-06-29,30,2,2,0
2021-06-30,28,2,2,0
2021-07-01,35,5,5,0
2021-07-02,29,2,2,0
2021-07-03,22,2,2,0
2021-07-04,8,0,0,0
2021-07-05,27,3,3,0
2021-07-06,30,2,2,0
2021-07-07,20,1,1,0
2021-07-08,28,4,4,0
2021-07-09,36,4,4,0
2021-07-10,24,0,0,0
2021-07-11,21,1,0,1
2021-07-12,30,3,3,0
2021-07-13,27,1,1,0
2021-07-14,23,1,1,0
2021-07-15,20,0,0,0
2021-07-16,21,4,4,0
2021-07-17,16,1,1,0
2021-07-18,12,0,0,0
2021-07-19,23,0,0,0
2021-07-20,23,1,1,0
2021-07-21,15,0,0,0
2021-07-22,22,0,0,0
2021-07-23,27,4,4,0
2021-07-24,13,2,1,1
2021-07-25,15,3,3,0
2021-07-26,15,2,2,0
2021-07-27,16,1,1,0
2021-07-28,27,2,2,0
2021-07-29,27,4,4,0
2021-07-30,19,2,2,0
2021-07-31,16,3,3,0
2021-08-01,17,1,1,0
2021-08-02,26,2,2,0
2021-08-03,18,2,2,0
2021-08-04,20,2,2,0
2021-08-05,24,3,3,0
2021-08-06,26,0,0,0
2021-08-07,10,0,0,0
2021-08-08,8,1,1,0
2021-08-09,30,1,1,0
2021-08-10,28,2,2,0
2021-08-11,15,0,0,0
2021-08-12,21,1,1,0
2021-08-13,21,0,0,0
2021-08-14,16,0,0,0
2021-08-15,8,1,1,0
2021-08-16,27,2,2,0
2021-08-17,21,4,4,0
2021-08-18,19,3,3,0
2021-08-19,27,4,4,0
2021-08-20,17,4,4,0
2021-08-21,11,0,0,0
2021-08-22,12,0,0,0
2021-08-23,17,1,1,0
2021-08-24,25,3,3,0
2021-08-25,39,3,3,0
2021-08-26,26,0,0,0
2021-08-27,28,1,1,0
2021-08-28,9,0,0,0
2021-08-29,20,0,0,0
2021-08-30,24,0,0,0
2021-08-31,24,2,2,0
2021-09-01,17,1,1,0
2021-09-02,19,2,1,1
2021-09-03,20,2,2,0
2021-09-04,19,0,0,0
2021-09-05,12,1,1,0
2021-09-06,19,3,2,1
2021-09-07,28,2,2,0
2021-09-08,28,1,1,0
2021-09-09,23,2,2,0
2021-09-10,25,2,2,0
2021-09-11,16,2,2,0
2021-09-12,16,4,3,1
2021-09-13,17,1,1,0
2021-09-14,34,4,4,0
2021-09-15,33,3,3,0
2021-09-16,20,0,0,0
2021-09-17,28,5,5,0
2021-09-18,31,2,2,0
2021-09-19,20,1,1,0
2021-09-20,25,1,1,0
2021-09-21,21,1,1,0
2021-09-22,16,0,0,0
2021-09-23,32,2,2,0
2021-09-24,27,3,3,0
2021-09-25,23,2,2,0
2021-09-26,22,1,1,0
2021-09-27,34,1,1,0
2021-09-28,32,2,2,0
2021-09-29,30,2,2,0
2021-09-30,30,2,2,0
2021-10-01,37,0,0,0
2021-10-02,18,2,1,1
2021-10-03,13,1,1,0
2021-10-04,28,3,3,0
2021-10-05,34,2,1,1
2021-10-06,29,2,2,0
2021-10-07,30,2,2,0
2021-10-08,50,3,3,0
2021-10-09,27,0,0,0
2021-10-10,16,2,2,0
2021-10-11,22,1,1,0
2021-10-12,31,6,5,1
2021-10-13,18,1,1,0
2021-10-14,42,2,2,0
2021-10-15,21,4,4,0
2021-10-16,18,0,0,0
2021-10-17,11,0,0,0
2021-10-18,31,2,1,1
2021-10-19,30,5,4,1
2021-10-20,24,0,0,0
2021-10-21,29,1,1,0
2021-10-22,23,3,3,0
2021-10-23,17,3,3,0
2021-10-24,15,0,0,0
2021-10-25,27,4,4,0
2021-10-26,22,1,1,0
2021-10-27,21,3,3,0
2021-10-28,19,1,1,0
2021-10-29,27,1,1,0
2021-10-30,18,1,1,0
2021-10-31,11,1,1,0
2021-11-01,30,2,1,1
2021-11-02,21,0,0,0
2021-11-03,17,1,1,0
2021-11-04,22,3,3,0
2021-11-05,21,2,2,0
2021-11-06,13,1,1,0
2021-11-07,15,0,0,0
2021-11-08,19,2,2,0
2021-11-09,38,3,3,0
2021-11-10,21,1,1,0
2021-11-11,27,2,2,0
2021-11-12,25,1,1,0
2021-11-13,24,4,2,2
2021-11-14,18,1,1,0
2021-11-15,18,1,1,0
2021-11-16,34,2,2,0
2021-11-17,24,2,2,0
2021-11-18,25,1,1,0
2021-11-19,31,4,3,1
2021-11-20,14,1,1,0
2021-11-21,27,1,1,0
2021-11-22,20,0,0,0
2021-11-23,27,3,3,0
2021-11-24,21,0,0,0
2021-11-25,21,0,0,0
2021-11-26,28,0,0,0
2021-11-27,20,1,1,0
2021-11-28,13,4,2,2
2021-11-29,27,2,2,0
2021-11-30,38,3,3,0
2021-12-01,21,0,0,0
2021-12-02,35,2,2,0
2021-12-03,31,2,1,1
2021-12-04,22,1,1,0
2021-12-05,19,2,2,0
2021-12-06,39,5,5,0
2021-12-07,36,4,3,1
2021-12-08,30,0,0,0
2021-12-09,17,4,4,0
2021-12-10,22,3,3,0
2021-12-11,26,1,1,0
2021-12-12,21,3,3,0
2021-12-13,25,4,4,0
2021-12-14,28,3,3,0
2021-12-15,23,1,0,1
2021-12-16,25,3,2,1
2021-12-17,27,5,5,0
2021-12-18,32,2,1,1
2021-12-19,20,1,1,0
2021-12-20,29,4,4,0
2021-12-21,28,1,1,0
2021-12-22,28,1,1,0
2021-12-23,35,3,3,0
2021-12-24,11,4,4,0
2021-12-25,12,1,1,0
2021-12-26,10,1,1,0
2021-12-27,21,2,2,0
2021-12-28,20,3,3,0
2021-12-29,25,3,3,0
2021-12-30,10,0,0,0
2021-12-31,9,0,0,0
2022-01-01,9,0,0,0
2022-01-02,17,1,1,0
2022-01-03,16,1,1,0
2022-01-04,18,1,1,0
2022-01-05,26,4,4,0
2022-01-06,29,4,4,0
2022-01-07,14,0,0,0
2022-01-08,15,1,1,0
2022-01-09,13,0,0,0
2022-01-10,19,4,4,0
2022-01-11,19,3,3,0
2022-01-12,23,2,2,0
2022-01-13,26,1,1,0
2022-01-14,25,2,2,0
2022-01-15,28,2,2,0
2022-01-16,13,1,1,0
2022-01-17,27,2,2,0
2022-01-18,29,1,1,0
2022-01-19,21,3,3,0
2022-01-20,34,1,1,0
2022-01-21,43,1,0,1
2022-01-22,19,0,0,0
2022-01-23,13,1,1,0
2022-01-24,28,1,1,0
2022-01-25,27,1,1,0
2022-01-26,21,1,1,0
2022-01-27,32,2,2,0
2022-01-28,40,3,3,0
2022-01-29,21,3,3,0
2022-01-30,15,1,1,0
2022-01-31,15,2,2,0
2022-02-01,20,3,3,0
2022-02-02,27,1,1,0
2022-02-03,17,1,0,1
2022-02-04,18,0,0,0
2022-02-05,24,2,2,0
2022-02-06,13,0,0,0
2022-02-07,33,6,6,0
2022-02-08,20,0,0,0
2022-02-09,20,1,1,0
2022-02-10,25,2,2,0
2022-02-11,35,0,0,0
2022-02-12,17,0,0,0
2022-02-13,20,2,2,0
2022-02-14,27,0,0,0
2022-02-15,21,3,3,0
2022-02-16,17,1,0,1
2022-02-17,22,1,1,0
2022-02-18,30,0,0,0
2022-02-19,13,2,2,0
2022-02-20,7,0,0,0
2022-02-21,28,3,3,0
2022-02-22,30,4,4,0
2022-02-23,24,0,0,0
2022-02-24,31,3,3,0
2022-02-25,25,2,2,0
2022-02-26,16,1,1,0
2022-02-27,29,0,0,0
2022-02-28,19,5,5,0
2022-03-01,30,1,1,0
2022-03-02,24,1,1,0
2022-03-03,10,0,0,0
2022-03-04,14,1,1,0
2022-03-05,18,0,0,0
2022-03-06,18,0,0,0
2022-03-07,28,0,0,0
2022-03-08,35,3,3,0
2022-03-09,32,1,1,0
2022-03-10,25,0,0,0
2022-03-11,19,2,2,0
2022-03-12,15,0,0,0
2022-03-13,12,1,1,0
2022-03-14,26,3,3,0
2022-03-15,19,2,2,0
2022-03-16,18,3,3,0
2022-03-17,20,0,0,0
2022-03-18,25,2,2,0
2022-03-19,15,0,0,0
2022-03-20,19,1,1,0
2022-03-21,25,0,0,0
2022-03-22,24,1,1,0
2022-03-23,20,1,1,0
2022-03-24,30,4,4,0
2022-03-25,28,3,3,0
2022-03-26,14,0,0,0
2022-03-27,16,0,0,0
2022-03-28,18,1,1,0
2022-03-29,17,1,1,0
2022-03-30,26,3,3,0
2022-03-31,19,2,2,0
2022-04-01,16,1,1,0
2022-04-02,25,3,3,0
2022-04-03,21,1,1,0
2022-04-04,28,2,1,1
2022-04-05,22,0,0,0
2022-04-06,21,2,2,0
2022-04-07,26,1,1,0
2022-04-08,28,1,1,0
2022-04-09,25,3,3,0
2022-04-10,23,1,1,0
2022-04-11,27,1,1,0
2022-04-12,30,3,3,0
2022-04-13,25,4,4,0
2022-04-14,33,1,1,0
2022-04-15,38,7,7,0
2022-04-16,18,4,4,0
2022-04-17,17,1,1,0
2022-04-18,25,2,2,0
2022-04-19,26,2,2,0
2022-04-20,37,1,1,0
2022-04-21,32,0,0,0
2022-04-22,25,3,2,1
2022-04-23,13,2,2,0
2022-04-24,6,0,0,0
2022-04-25,10,1,1,0
2022-04-26,24,2,2,0
2022-04-27,30,4,4,0
2022-04-28,23,0,0,0
2022-04-29,24,2,2,0
2022-04-30,20,1,1,0
2022-05-01,13,1,1,0
2022-05-02,16,1,1,0
2022-05-03,17,1,1,0
2022-05-04,29,1,1,0
2022-05-05,23,2,2,0
2022-05-06,13,1,1,0
2022-05-07,9,2,2,0
2022-05-08,13,1,1,0
2022-05-09,31,1,1,0
2022-05-10,30,1,1,0
2022-05-11,27,3,3,0
2022-05-12,37,2,2,0
2022-05-13,32,2,2,0
2022-05-14,21,1,1,0
2022-05-15,19,1,1,0
2022-05-16,30,1,1,0
2022-05-17,27,0,0,0
2022-05-18,27,1,1,0
2022-05-19,32,3,3,0
2022-05-20,30,3,3,0
2022-05-21,21,2,2,0
2022-05-22,19,2,2,0
2022-05-23,16,1,1,0
2022-05-24,22,1,1,0
2022-05-25,40,2,2,0
2022-05-26,27,2,2,0
2022-05-27,28,5,5,0
2022-05-28,16,3,3,0
2022-05-29,21,0,0,0
2022-05-30,29,1,1,0
2022-05-31,20,1,1,0
2022-06-01,26,2,2,0
2022-06-02,23,2,2,0
2022-06-03,28,1,1,0
2022-06-04,12,1,1,0
2022-06-05,16,0,0,0
2022-06-06,21,0,0,0
2022-06-07,22,4,4,0
2022-06-08,32,2,2,0
2022-06-09,36,3,3,0
2022-06-10,32,1,1,0
2022-06-11,18,1,1,0
2022-06-12,12,2,2,0
2022-06-13,28,1,1,0
2022-06-14,17,0,0,0
2022-06-15,27,1,1,0
2022-06-16,19,2,2,0
2022-06-17,33,1,1,0
2022-06-18,14,0,0,0
2022-06-19,20,2,2,0
2022-06-20,25,4,4,0
2022-06-21,22,2,2,0
2022-06-22,31,1,1,0
2022-06-23,17,0,0,0
2022-06-24,16,2,2,0
2022-06-25,15,2,2,0
2022-06-26,14,1,1,0
2022-06-27,21,2,2,0
2022-06-28,24,1,1,0
2022-06-29,27,3,3,0
2022-06-30,29,4,4,0
2022-07-01,22,1,1,0
2022-07-02,13,1,1,0
2022-07-03,10,0,0,0
2022-07-04,16,1,0,1
2022-07-05,30,4,2,2
2022-07-06,24,2,2,0
2022-07-07,19,3,3,0
2022-07-08,22,0,0,0
2022-07-09,16,0,0,0
2022-07-10,10,0,0,0
2022-07-11,22,1,1,0
2022-07-12,19,0,0,0
2022-07-13,21,0,0,0
2022-07-14,17,2,1,1
2022-07-15,27,1,1,0
2022-07-16,13,3,3,0
2022-07-17,9,0,0,0
2022-07-18,22,2,2,0
2022-07-19,21,2,2,0
2022-07-20,18,3,3,0
2022-07-21,18,1,1,0
2022-07-22,20,4,4,0
2022-07-23,15,1,1,0
2022-07-24,7,1,1,0
2022-07-25,23,3,2,1
2022-07-26,21,3,3,0
2022-07-27,23,0,0,0
2022-07-28,23,1,1,0
2022-07-29,15,1,1,0
2022-07-30,16,2,2,0
2022-07-31,12,0,0,0
2022-08-01,35,0,0,0
2022-08-02,24,0,0,0
2022-08-03,16,1,1,0
2022-08-04,17,0,0,0
2022-08-05,18,0,0,0
2022-08-06,9,1,1,0
2022-08-07,12,2,2,0
2022-08-08,19,1,1,0
2022-08-09,21,1,1,0
2022-08-10,23,2,2,0
2022-08-11,22,1,1,0
2022-08-12,33,3,2,1
2022-08-13,24,0,0,0
2022-08-14,16,1,1,0
2022-08-15,14,3,3,0
2022-08-16,17,0,0,0
2022-08-17,20,1,1,0
2022-08-18,20,2,2,0
2022-08-19,14,1,1,0
2022-08-20,17,1,1,0
2022-08-21,10,0,0,0
2022-08-22,13,2,2,0
2022-08-23,25,2,2,0
2022-08-24,26,4,4,0
2022-08-25,14,1,1,0
2022-08-26,14,1,1,0
2022-08-27,7,0,0,0
2022-08-28,10,0,0,0
2022-08-29,15,1,1,0
2022-08-30,19,0,0,0
2022-08-31,18,1,1,0
2022-09-01,22,2,2,0
2022-09-02,19,0,0,0
2022-09-03,15,0,0,0
2022-09-04,12,2,2,0
2022-09-05,16,1,1,0
2022-09-06,19,2,2,0
2022-09-07,27,5,5,0
2022-09-08,13,3,3,0
2022-09-09,26,2,2,0
2022-09-10,24,2,2,0
2022-09-11,13,2,2,0
2022-09-12,22,3,3,0
2022-09-13,30,6,6,0
2022-09-14,28,2,2,0
2022-09-15,32,4,4,0
2022-09-16,26,2,2,0
2022-09-17,22,4,4,0
2022-09-18,19,4,3,1
2022-09-19,36,1,1,0
2022-09-20,31,3,3,0
2022-09-21,19,0,0,0
2022-09-22,16,0,0,0
2022-09-23,23,1,1,0
2022-09-24,16,1,1,0
2022-09-25,19,4,4,0
2022-09-26,26,4,4,0
2022-09-27,27,1,1,0
2022-09-28,15,2,2,0
2022-09-29,29,3,3,0
2022-09-30,35,2,2,0
2022-10-01,19,0,0,0
2022-10-02,14,0,0,0
2022-10-03,30,5,5,0
2022-10-04,20,0,0,0
2022-10-05,23,5,5,0
2022-10-06,18,0,0,0
2022-10-07,34,5,5,0
2022-10-08,21,2,2,0
2022-10-09,19,2,2,0
2022-10-10,21,2,2,0
2022-10-11,23,2,2,0
2022-10-12,20,3,3,0
2022-10-13,28,3,3,0
2022-10-14,21,4,4,0
2022-10-15,14,1,1,0
2022-10-16,20,0,0,0
2022-10-17,23,2,2,0
2022-10-18,27,3,3,0
2022-10-19,20,4,4,0
2022-10-20,25,6,6,0
2022-10-21,20,1,1,0
2022-10-22,13,2,2,0
2022-10-23,14,3,3,0
2022-10-24,26,2,2,0
2022-10-25,27,6,6,0
2022-10-26,27,5,5,0
2022-10-27,21,4,4,0
2022-10-28,26,2,2,0
2022-10-29,12,4,4,0
2022-10-30,19,1,1,0
2022-10-31,21,3,2,1
2022-11-01,31,6,6,0
2022-11-02,30,3,3,0
2022-11-03,25,2,2,0
2022-11-04,33,1,1,0
2022-11-05,18,2,2,0
2022-11-06,21,0,0,0
2022-11-07,18,0,0,0
2022-11-08,31,3,3,0
2022-11-09,23,2,2,0
2022-11-10,22,0,0,0
2022-11-11,26,3,3,0
2022-11-12,17,2,2,0
2022-11-13,10,1,1,0
2022-11-14,29,3,2,1
2022-11-15,20,1,0,1
2022-11-16,29,3,2,1
2022-11-17,30,1,1,0
2022-11-18,25,2,2,0
2022-11-19,24,1,0,1
2022-11-20,18,0,0,0
2022-11-21,30,5,5,0
2022-11-22,19,2,2,0
2022-11-23,19,0,0,0
2022-11-24,19,0,0,0
2022-11-25,27,1,1,0
2022-11-26,17,1,1,0
2022-11-27,10,2,2,0
2022-11-28,32,4,4,0
2022-11-29,25,2,1,1
2022-11-30,24,2,2,0
2022-12-01,22,5,5,0
2022-12-02,27,3,3,0
2022-12-03,13,2,1,1
2022-12-04,8,2,2,0
2022-12-05,18,2,2,0
2022-12-06,23,0,0,0
2022-12-07,14,0,0,0
2022-12-08,20,1,1,0
2022-12-09,15,0,0,0
2022-12-10,25,3,3,0
2022-12-11,18,2,2,0
2022-12-12,31,5,5,0
2022-12-13,29,2,1,1
2022-12-14,41,3,3,0
2022-12-15,30,1,1,0
2022-12-16,29,2,2,0
2022-12-17,26,1,1,0
2022-12-18,17,0,0,0
2022-12-19,28,3,3,0
2022-12-20,25,6,6,0
2022-12-21,16,1,1,0
2022-12-22,8,1,0,1
2022-12-23,24,0,0,0
2022-12-24,25,1,1,0
2022-12-25,8,0,0,0
2022-12-26,13,2,2,0
2022-12-27,19,0,0,0
2022-12-28,12,2,2,0
2022-12-29,11,1,1,0
2022-12-30,15,3,3,0
2022-12-31,12,0,0,0
2023-01-01,10,0,0,0
2023-01-02,11,1,1,0
2023-01-03,14,1,1,0
2023-01-04,21,1,1,0
2023-01-05,21,1,1,0
2023-01-06,23,2,2,0
2023-01-07,15,4,4,0
2023-01-08,22,0,0,0
2023-01-09,24,1,1,0
2023-01-10,37,8,8,0
2023-01-11,25,2,2,0
2023-01-12,23,4,3,1
2023-01-13,28,3,3,0
2023-01-14,12,1,1,0
2023-01-15,15,0,0,0
2023-01-16,19,1,1,0
2023-01-17,26,4,4,0
2023-01-18,17,2,2,0
2023-01-19,23,2,2,0
2023-01-20,24,1,1,0
2023-01-21,14,1,1,0
2023-01-22,18,2,1,1
2023-01-23,22,1,1,0
2023-01-24,22,4,4,0
2023-01-25,16,3,3,0
2023-01-26,16,2,2,0
2023-01-27,31,0,0,0
2023-01-28,19,2,2,0
2023-01-29,22,3,3,0
2023-01-30,22,2,2,0
2023-01-31,18,0,0,0
2023-02-01,29,0,0,0
2023-02-02,16,1,1,0
2023-02-03,16,1,1,0
2023-02-04,30,2,2,0
2023-02-05,24,1,1,0
2023-02-06,39,1,1,0
2023-02-07,24,0,0,0
2023-02-08,20,0,0,0
2023-02-09,18,2,2,0
2023-02-10,23,2,2,0
2023-02-11,15,2,2,0
2023-02-12,18,1,1,0
2023-02-13,22,0,0,0
2023-02-14,23,1,1,0
2023-02-15,16,1,1,0
2023-02-16,29,0,0,0
2023-02-17,22,5,3,2
2023-02-18,24,5,4,1
2023-02-19,19,2,2,0
2023-02-20,21,0,0,0
2023-02-21,20,1,1,0
2023-02-22,28,1,1,0
2023-02-23,16,1,1,0
2023-02-24,22,2,1,1
2023-02-25,15,1,1,0
2023-02-26,13,1,1,0
2023-02-27,27,4,4,0
2023-02-28,30,2,2,0
2023-03-01,23,2,2,0
2023-03-02,30,4,4,0
2023-03-03,17,0,0,0
2023-03-04,6,1,1,0
2023-03-05,17,3,3,0
2023-03-06,28,2,2,0
2023-03-07,20,1,1,0
2023-03-08,32,4,4,0
2023-03-09,24,0,0,0
2023-03-10,31,2,2,0
2023-03-11,24,0,0,0
2023-03-12,18,3,3,0
2023-03-13,27,4,4,0
2023-03-14,15,1,1,0
2023-03-15,25,1,1,0
2023-03-16,34,2,2,0
2023-03-17,25,3,3,0
2023-03-18,9,0,0,0
2023-03-19,13,2,2,0
2023-03-20,23,3,3,0
2023-03-21,28,3,3,0
2023-03-22,15,2,2,0
2023-03-23,17,4,4,0
2023-03-24,25,0,0,0
2023-03-25,25,3,3,0
2023-03-26,11,2,2,0
2023-03-27,15,1,1,0
2023-03-28,28,3,3,0
2023-03-29,31,1,1,0
2023-03-30,22,3,3,0
2023-03-31,25,3,3,0
2023-04-01,14,0,0,0
2023-04-02,12,1,1,0
2023-04-03,25,2,2,0
2023-04-04,12,0,0,0
2023-04-05,29,2,2,0
2023-04-06,24,1,1,0
2023-04-07,22,2,2,0
2023-04-08,19,4,4,0
2023-04-09,12,0,0,0
2023-04-10,37,1,1,0
2023-04-11,23,0,0,0
2023-04-12,29,2,2,0
2023-04-13,17,0,0,0
2023-04-14,14,2,2,0
2023-04-15,7,2,2,0
2023-04-16,8,0,0,0
2023-04-17,13,0,0,0
2023-04-18,22,1,1,0
2023-04-19,28,0,0,0
2023-04-20,11,0,0,0
2023-04-21,20,2,2,0
2023-04-22,20,3,3,0
2023-04-23,16,2,2,0
2023-04-24,15,0,0,0
2023-04-25,24,1,1,0
2023-04-26,20,2,2,0
2023-04-27,28,2,2,0
2023-04-28,25,3,3,0
2023-04-29,19,2,2,0
2023-04-30,16,1,1,0
2023-05-01,9,0,0,0
2023-05-02,24,2,2,0
2023-05-03,33,2,2,0
2023-05-04,24,2,2,0
2023-05-05,15,1,1,0
2023-05-06,12,1,1,0
2023-05-07,13,2,2,0
2023-05-08,16,3,2,1
2023-05-09,23,0,0,0
2023-05-10,17,0,0,0
2023-05-11,21,0,0,0
2023-05-12,31,3,1,2
2023-05-13,13,1,1,0
2023-05-14,27,4,3,1
2023-05-15,29,1,1,0
2023-05-16,19,2,2,0
2023-05-17,25,1,1,0
2023-05-18,26,3,3,0
2023-05-19,35,2,2,0
2023-05-20,11,2,2,0
2023-05-21,13,2,2,0
2023-05-22,12,1,1,0
2023-05-23,30,4,4,0
2023-05-24,24,2,2,0
2023-05-25,15,2,2,0
2023-05-26,17,0,0,0
2023-05-27,24,3,3,0
2023-05-28,15,1,1,0
2023-05-29,16,0,0,0
2023-05-30,21,5,4,1
2023-05-31,34,3,3,0
2023-06-01,26,2,2,0
2023-06-02,22,2,2,0
2023-06-03,13,0,0,0
2023-06-04,12,2,2,0
2023-06-05,18,2,2,0
2023-06-06,16,0,0,0
2023-06-07,18,1,1,0
2023-06-08,24,2,2,0
2023-06-09,42,1,1,0
2023-06-10,15,3,3,0
2023-06-11,9,1,1,0
2023-06-12,27,5,5,0
2023-06-13,30,5,5,0
2023-06-14,16,2,2,0
2023-06-15,16,0,0,0
2023-06-16,23,0,0,0
2023-06-17,15,1,1,0
2023-06-18,13,5,5,0
2023-06-19,17,3,3,0
2023-06-20,25,2,2,0
2023-06-21,27,1,1,0
2023-06-22,16,2,2,0
2023-06-23,18,3,3,0
2023-06-24,11,0,0,0
2023-06-25,16,2,2,0
2023-06-26,27,2,2,0
2023-06-27,23,1,1,0
2023-06-28,14,3,3,0
2023-06-29,27,2,2,0
2023-06-30,26,3,3,0
2023-07-01,10,3,3,0
2023-07-02,4,0,0,0
2023-07-03,20,2,2,0
2023-07-04,14,2,1,1
2023-07-05,13,4,4,0
2023-07-06,26,5,5,0
2023-07-07,21,2,2,0
2023-07-08,9,1,1,0
2023-07-09,12,0,0,0
2023-07-10,27,2,2,0
2023-07-11,31,3,3,0
2023-07-12,20,2,2,0
2023-07-13,29,5,5,0
2023-07-14,27,0,0,0
2023-07-15,10,2,2,0
2023-07-16,9,1,1,0
2023-07-17,26,3,3,0
2023-07-18,24,3,3,0
2023-07-19,22,0,0,0
2023-07-20,29,3,3,0
2023-07-21,20,1,1,0
2023-07-22,14,3,2,1
2023-07-23,8,0,0,0
2023-07-24,18,3,3,0
2023-07-25,19,1,1,0
2023-07-26,21,2,2,0
2023-07-27,22,3,3,0
2023-07-28,22,4,4,0
2023-07-29,11,1,1,0
2023-07-30,12,0,0,0
2023-07-31,20,3,3,0
2023-08-01,29,3,3,0
2023-08-02,13,0,0,0
2023-08-03,22,3,3,0
2023-08-04,14,1,1,0
2023-08-05,12,2,1,1
2023-08-06,8,2,2,0
2023-08-07,18,1,1,0
2023-08-08,24,1,1,0
2023-08-09,19,3,3,0
2023-08-10,21,1,1,0
2023-08-11,18,1,1,0
2023-08-12,15,2,2,0
2023-08-13,6,0,0,0
2023-08-14,22,1,1,0
2023-08-15,16,1,1,0
2023-08-16,25,2,2,0
2023-08-17,15,2,2,0
2023-08-18,15,1,1,0
2023-08-19,12,3,3,0
2023-08-20,13,2,1,1
2023-08-21,21,1,1,0
2023-08-22,19,4,3,1
2023-08-23,15,1,1,0
2023-08-24,29,2,2,0
2023-08-25,13,1,1,0
2023-08-26,11,1,1,0
2023-08-27,18,0,0,0
2023-08-28,23,2,2,0
2023-08-29,15,3,3,0
2023-08-30,17,1,1,0
2023-08-31,27,3,3,0
2023-09-01,23,2,2,0
2023-09-02,12,2,1,1
2023-09-03,8,0,0,0
2023-09-04,32,3,3,0
2023-09-05,21,0,0,0
2023-09-06,12,1,1,0
2023-09-07,18,3,3,0
2023-09-08,22,3,3,0
2023-09-09,14,0,0,0
2023-09-10,13,3,3,0
2023-09-11,21,2,0,2
2023-09-12,25,3,3,0
2023-09-13,23,0,0,0
2023-09-14,16,4,4,0
2023-09-15,15,0,0,0
2023-09-16,20,0,0,0
2023-09-17,18,1,1,0
2023-09-18,19,1,1,0
2023-09-19,14,1,1,0
2023-09-20,30,2,2,0
2023-09-21,34,2,2,0
2023-09-22,11,1,1,0
2023-09-23,15,1,1,0
2023-09-24,10,3,3,0
2023-09-25,26,5,5,0
2023-09-26,16,1,1,0
2023-09-27,17,3,3,0
2023-09-28,33,2,2,0
2023-09-29,30,1,1,0
2023-09-30,19,3,3,0
2023-10-01,20,0,0,0
2023-10-02,27,3,2,1
2023-10-03,33,3,3,0
2023-10-04,21,4,4,0
2023-10-05,17,2,2,0
2023-10-06,35,0,0,0
2023-10-07,17,2,2,0
2023-10-08,15,2,2,0
2023-10-09,20,2,2,0
2023-10-10,25,1,1,0
2023-10-11,25,1,1,0
2023-10-12,24,5,5,0
2023-10-13,25,1,1,0
2023-10-14,12,2,2,0
2023-10-15,12,1,1,0
2023-10-16,22,2,2,0
2023-10-17,25,0,0,0
2023-10-18,25,4,4,0
2023-10-19,27,2,2,0
2023-10-20,12,2,2,0
2023-10-21,12,1,1,0
2023-10-22,13,1,1,0
2023-10-23,15,2,2,0
2023-10-24,28,1,1,0
2023-10-25,26,1,1,0
2023-10-26,28,3,3,0
2023-10-27,27,1,1,0
2023-10-28,13,1,1,0
2023-10-29,14,1,1,0
2023-10-30,26,1,1,0
2023-10-31,30,3,3,0
2023-11-01,30,2,2,0
2023-11-02,20,1,1,0
2023-11-03,31,2,2,0
2023-11-04,31,0,0,0
2023-11-05,14,0,0,0
2023-11-06,21,1,1,0
2023-11-07,28,1,1,0
2023-11-08,35,4,4,0
2023-11-09,18,3,3,0
2023-11-10,13,1,1,0
2023-11-11,19,1,1,0
2023-11-12,20,1,1,0
2023-11-13,14,3,3,0
2023-11-14,25,3,3,0
2023-11-15,36,2,2,0
2023-11-16,19,3,3,0
2023-11-17,29,3,3,0
2023-11-18,20,0,0,0
2023-11-19,13,0,0,0
2023-11-20,21,1,1,0
2023-11-21,22,1,1,0
2023-11-22,20,0,0,0
2023-11-23,20,4,4,0
2023-11-24,27,1,1,0
2023-11-25,30,3,3,0
2023-11-26,16,1,1,0
2023-11-27,25,1,1,0
2023-11-28,21,1,1,0
2023-11-29,19,3,3,0
2023-11-30,20,2,2,0
2023-12-01,27,4,4,0
2023-12-02,19,1,1,0
2023-12-03,15,1,1,0
2023-12-04,26,1,1,0
2023-12-05,25,2,2,0
2023-12-06,28,3,2,1
2023-12-07,31,3,3,0
2023-12-08,18,0,0,0
2023-12-09,13,0,0,0
2023-12-10,9,0,0,0
2023-12-11,33,1,1,0
2023-12-12,25,1,1,0
2023-12-13,25,6,6,0
2023-12-14,38,7,7,0
2023-12-15,23,0,0,0
2023-12-16,21,0,0,0
2023-12-17,18,1,1,0
2023-12-18,17,0,0,0
2023-12-19,11,2,2,0
2023-12-20,30,2,2,0
2023-12-21,19,0,0,0
2023-12-22,23,2,2,0
2023-12-23,15,1,1,0
2023-12-24,13,1,1,0
2023-12-25,6,0,0,0
2023-12-26,6,1,1,0
2023-12-27,19,0,0,0
2023-12-28,15,1,1,0
2023-12-29,13,1,1,0
2023-12-30,16,1,1,0
2023-12-31,7,2,2,0
2024-01-01,12,0,0,0
2024-01-02,24,2,2,0
2024-01-03,18,0,0,0
2024-01-04,19,0,0,0
2024-01-05,24,3,3,0
2024-01-06,11,1,1,0
2024-01-07,25,5,3,2
2024-01-08,20,1,1,0
2024-01-09,31,1,1,0
2024-01-10,35,4,7,0
2024-01-11,31,1,2,0
2024-01-12,30,3,3,0
2024-01-13,14,0,0,0
2024-01-14,27,1,3,0
2024-01-15,30,1,1,0
2024-01-16,33,2,5,0
2024-01-17,22,1,1,0
2024-01-18,34,6,6,0
2024-01-19,30,6,5,1
2024-01-20,23,0,0,0
2024-01-21,22,2,2,0
2024-01-22,25,1,1,0
2024-01-23,34,2,1,1
2024-01-24,20,0,0,0
2024-01-25,22,4,5,0
2024-01-26,28,1,1,0
2024-01-27,14,1,1,0
2024-01-28,6,0,0,0
2024-01-29,16,3,3,0
2024-01-30,26,2,2,0
2024-01-31,25,3,3,0
2024-02-01,26,1,1,0
2024-02-02,26,6,6,0
2024-02-03,19,0,0,0
2024-02-04,12,2,3,0
2024-02-05,19,2,2,0
2024-02-06,21,1,1,0
2024-02-07,27,2,3,0
2024-02-08,30,1,1,0
2024-02-09,28,3,3,0
2024-02-10,17,0,0,0
2024-02-11,17,1,1,0
2024-02-12,30,4,3,1
2024-02-13,36,6,6,0
2024-02-14,22,0,0,0
2024-02-15,16,2,0,2
2024-02-16,24,3,3,0
2024-02-17,20,5,5,1
2024-02-18,17,1,2,0
2024-02-19,29,3,5,0
2024-02-20,19,1,1,0
2024-02-21,27,2,2,0
2024-02-22,16,0,0,0
2024-02-23,32,7,9,0
2024-02-24,12,1,1,0
2024-02-25,19,2,2,0
2024-02-26,18,0,0,0
2024-02-27,19,3,4,0
2024-02-28,27,0,0,0
2024-02-29,19,1,1,0
2024-03-01,28,6,6,0
2024-03-02,17,0,0,0
2024-03-03,13,1,1,0
2024-03-04,18,2,2,0
2024-03-05,19,0,0,0
2024-03-06,28,2,2,0
2024-03-07,37,0,0,0
2024-03-08,20,1,1,0
2024-03-09,13,1,1,0
2024-03-10,16,2,3,0
2024-03-11,20,3,5,0
2024-03-12,33,2,3,0
2024-03-13,22,2,3,0
2024-03-14,33,2,2,0
2024-03-15,29,2,2,0
2024-03-16,20,2,3,0
2024-03-17,19,3,3,0
2024-03-18,24,2,2,0
2024-03-19,29,2,2,0
2024-03-20,28,3,3,0
2024-03-21,19,4,4,0
2024-03-22,33,0,0,0
2024-03-23,25,0,0,0
2024-03-24,13,3,3,1
2024-03-25,27,3,2,1
2024-03-26,25,2,2,1
2024-03-27,19,1,1,0
2024-03-28,30,3,7,0
2024-03-29,33,2,2,0
2024-03-30,20,2,2,0
2024-03-31,16,1,2,0
2024-04-01,20,1,1,0
2024-04-02,23,3,3,0
2024-04-03,21,2,4,0
2024-04-04,25,1,1,0
2024-04-05,27,4,4,0
2024-04-06,23,1,2,0
2024-04-07,16,2,3,0
2024-04-08,29,1,2,0
2024-04-09,28,0,0,0
2024-04-10,34,4,5,0
2024-04-11,38,5,5,0
2024-04-12,26,1,1,0
2024-04-13,20,4,4,0
2024-04-14,17,0,0,0
2024-04-15,29,4,4,0
2024-04-16,30,2,4,0
2024-04-17,40,1,1,0
2024-04-18,24,1,1,0
2024-04-19,33,1,1,0
2024-04-20,19,0,0,0
2024-04-21,20,1,1,0
2024-04-22,30,2,2,0
2024-04-23,33,3,3,0
2024-04-24,23,2,2,0
2024-04-25,29,0,0,0
2024-04-26,21,1,1,0
2024-04-27,22,0,0,0
2024-04-28,22,4,4,0
2024-04-29,19,1,2,0
2024-04-30,20,3,5,0
2024-05-01,21,1,1,0
2024-05-02,20,2,4,0
2024-05-03,12,2,1,1
2024-05-04,10,1,1,0
2024-05-05,6,2,2,0
2024-05-06,12,0,0,0
2024-05-07,26,5,5,0
2024-05-08,22,1,1,0
2024-05-09,35,1,1,0
2024-05-10,34,1,1,0
2024-05-11,15,3,4,0
2024-05-12,16,1,3,0
2024-05-13,34,1,1,0
2024-05-14,23,3,4,0
2024-05-15,32,0,0,0
2024-05-16,18,0,0,0
2024-05-17,26,2,2,0
2024-05-18,22,0,0,0
2024-05-19,17,0,0,0
2024-05-20,29,0,0,0
2024-05-21,31,7,8,0
2024-05-22,30,1,1,0
2024-05-23,47,3,3,0
2024-05-24,17,2,2,0
2024-05-25,18,3,8,0
2024-05-26,11,3,3,0
2024-05-27,28,8,10,0
2024-05-28,34,2,2,0
2024-05-29,19,2,2,0
2024-05-30,23,4,4,0
2024-05-31,21,3,3,0
2024-06-01,19,0,0,0
2024-06-02,13,1,0,1
2024-06-03,22,1,1,0
2024-06-04,30,3,3,0
2024-06-05,19,3,3,0
2024-06-06,26,2,2,0
2024-06-07,30,7,7,1
2024-06-08,15,1,1,0
2024-06-09,12,0,0,0
2024-06-10,30,4,4,0
2024-06-11,26,0,0,0
2024-06-12,41,7,7,1
2024-06-13,28,1,1,0
2024-06-14,24,3,3,0
2024-06-15,18,0,0,0
2024-06-16,17,2,2,0
2024-06-17,31,2,2,0
2024-06-18,37,4,4,0
2024-06-19,23,3,3,0
2024-06-20,28,1,1,0
2024-06-21,17,3,3,1
2024-06-22,18,1,1,0
2024-06-23,15,2,2,0
2024-06-24,34,5,5,0
2024-06-25,30,3,2,3
2024-06-26,26,2,2,0
2024-06-27,26,3,5,1
2024-06-28,21,3,3,0
2024-06-29,13,1,1,0
2024-06-30,19,1,1,0
2024-07-01,23,3,3,0
2024-07-02,24,1,1,0
2024-07-03,24,0,0,0
2024-07-04,28,3,3,0
2024-07-05,23,2,3,0
2024-07-06,21,2,3,0
2024-07-07,6,0,0,0
2024-07-08,28,3,3,0
2024-07-09,18,2,2,0
2024-07-10,22,1,1,0
2024-07-11,15,4,4,0
2024-07-12,20,2,2,0
2024-07-13,15,0,0,0
2024-07-14,11,2,2,0
2024-07-15,35,3,7,0
2024-07-16,22,4,4,0
2024-07-17,19,1,1,0
2024-07-18,28,2,2,0
2024-07-19,27,1,1,0
2024-07-20,14,1,1,0
2024-07-21,10,0,0,0
2024-07-22,27,2,2,0
2024-07-23,20,3,5,0
2024-07-24,23,2,2,0
2024-07-25,27,0,0,0
2024-07-26,25,4,4,0
2024-07-27,18,3,4,0
2024-07-28,10,4,6,0
2024-07-29,23,3,3,0
2024-07-30,22,2,2,0
2024-07-31,24,0,0,0
2024-08-01,25,6,11,0
2024-08-02,23,0,0,0
2024-08-03,9,1,1,0
2024-08-04,12,0,0,0
2024-08-05,24,4,4,0
2024-08-06,22,2,3,0
2024-08-07,21,1,1,0
2024-08-08,21,1,1,0
2024-08-09,12,3,3,0
2024-08-10,14,2,3,0
2024-08-11,16,0,0,0
2024-08-12,20,0,0,0
2024-08-13,29,3,3,0
2024-08-14,16,3,3,0
2024-08-15,18,2,3,0
2024-08-16,23,4,4,1
2024-08-17,15,1,1,0
2024-08-18,9,0,0,0
2024-08-19,18,1,3,0
2024-08-20,20,0,0,0
2024-08-21,15,0,0,0
2024-08-22,26,2,2,0
2024-08-23,24,4,4,0
2024-08-24,14,0,0,0
2024-08-25,15,3,6,0
2024-08-26,31,4,4,0
2024-08-27,19,1,1,0
2024-08-28,18,3,4,0
2024-08-29,21,3,4,0
2024-08-30,16,0,0,0
2024-08-31,15,1,1,0
2024-09-01,9,2,2,0
2024-09-02,29,3,4,0
2024-09-03,17,0,0,0
2024-09-04,14,1,1,0
2024-09-05,25,1,1,0
2024-09-06,9,1,1,0
2024-09-07,12,2,2,0
2024-09-08,17,2,4,0
2024-09-09,18,2,2,0
2024-09-10,38,2,2,0
2024-09-11,22,1,1,0
2024-09-12,22,5,5,0
2024-09-13,20,2,2,0
2024-09-14,26,2,5,0
2024-09-15,17,3,4,0
2024-09-16,23,1,1,0
2024-09-17,26,2,3,0
2024-09-18,26,6,6,0
2024-09-19,28,4,4,0
2024-09-20,21,3,3,0
2024-09-21,10,1,1,0
2024-09-22,13,1,1,0
2024-09-23,18,0,0,0
2024-09-24,30,4,5,0
2024-09-25,25,3,4,0
2024-09-26,29,3,4,0
2024-09-27,35,2,3,0
2024-09-28,14,0,0,0
2024-09-29,24,1,1,0
2024-09-30,35,1,1,0
2024-10-01,34,2,6,0
2024-10-02,32,2,2,0
2024-10-03,14,1,1,0
2024-10-04,28,1,2,0
2024-10-05,20,2,2,0
2024-10-06,14,1,3,0
2024-10-07,38,4,4,0
2024-10-08,24,4,4,0
2024-10-09,19,1,1,0
2024-10-10,22,4,4,2
2024-10-11,33,4,4,0
2024-10-12,17,2,2,0
2024-10-13,19,1,1,0
2024-10-14,40,1,1,0
2024-10-15,33,2,2,0
2024-10-16,32,3,3,0
2024-10-17,23,3,5,0
2024-10-18,24,8,12,0
2024-10-19,26,1,2,0
2024-10-20,20,2,4,0
2024-10-21,34,3,2,1
2024-10-22,27,2,4,0
2024-10-23,37,4,4,0
2024-10-24,39,0,0,0
2024-10-25,45,1,1,0
2024-10-26,21,2,2,0
2024-10-27,20,0,0,0
2024-10-28,27,3,4,0
2024-10-29,32,2,2,0
2024-10-30,14,1,1,0
2024-10-31,25,3,3,0
2024-11-01,30,2,2,0
2024-11-02,28,3,4,0
2024-11-03,10,2,4,0
2024-11-04,24,2,1,1
2024-11-05,34,4,5,0
2024-11-06,28,5,6,0
2024-11-07,34,3,3,0
2024-11-08,38,5,5,0
2024-11-09,21,3,3,0
2024-11-10,15,0,0,0
2024-11-11,35,1,3,0
2024-11-12,41,3,2,1
2024-11-13,26,1,1,0
2024-11-14,24,3,3,0
2024-11-15,25,2,2,1
2024-11-16,18,2,2,0
2024-11-17,16,2,4,1
2024-11-18,33,1,1,0
2024-11-19,27,2,2,0
2024-11-20,27,3,3,0
2024-11-21,34,1,1,0
2024-11-22,33,4,4,0
2024-11-23,25,2,2,0
2024-11-24,21,1,1,1
2024-11-25,33,1,1,0
2024-11-26,29,3,5,0
2024-11-27,29,2,2,0
2024-11-28,23,2,2,0
2024-11-29,39,5,6,0
2024-11-30,14,0,0,0
2024-12-01,22,0,0,0
2024-12-02,27,3,3,1
2024-12-03,39,3,4,0
2024-12-04,24,1,1,0
2024-12-05,11,0,0,0
2024-12-06,37,5,5,0
2024-12-07,34,0,0,0
2024-12-08,19,0,0,0
2024-12-09,27,4,5,1
2024-12-10,29,2,2,0
2024-12-11,22,1,1,0
2024-12-12,27,3,3,0
2024-12-13,35,1,1,0
2024-12-14,29,4,5,0
2024-12-15,14,1,1,0
2024-12-16,31,3,3,0
2024-12-17,30,2,2,0
2024-12-18,31,4,4,0
2024-12-19,32,0,0,0
2024-12-20,33,0,0,0
2024-12-21,27,2,2,0
2024-12-22,26,2,4,1
2024-12-23,25,1,3,0
2024-12-24,15,0,0,0
2024-12-25,15,1,1,0
2024-12-26,16,2,2,0
2024-12-27,20,1,1,0
2024-12-28,13,0,0,0
2024-12-29,14,0,0,0
2024-12-30,23,0,0,0
2024-12-31,18,1,4,0
2025-01-01,14,0,0,0
2025-01-02,27,0,0,0
2025-01-03,23,3,6,0
2025-01-04,31,2,2,0
2025-01-05,22,0,0,0
2025-01-06,39,3,3,0
2025-01-07,24,1,1,0
2025-01-08,34,1,1,0
2025-01-09,24,1,1,1
2025-01-10,29,1,1,0
2025-01-11,40,1,1,0
2025-01-12,22,0,0,0
2025-01-13,29,4,4,0
2025-01-14,26,0,0,0
2025-01-15,22,2,2,0
2025-01-16,37,6,6,0
2025-01-17,33,4,8,0
2025-01-18,24,0,0,0
2025-01-19,21,0,0,0
2025-01-20,35,2,2,1
2025-01-21,39,1,1,0
2025-01-22,38,1,1,0
2025-01-23,32,3,8,1
2025-01-24,29,1,1,0
2025-01-25,13,1,1,0
2025-01-26,11,2,2,0
2025-01-27,21,2,4,0
2025-01-28,27,3,4,0
2025-01-29,25,2,2,0
2025-01-30,15,0,0,0
2025-01-31,33,1,1,0
2025-02-01,15,1,1,0
2025-02-02,12,1,1,0
2025-02-03,27,0,0,0
2025-02-04,19,2,2,0
2025-02-05,15,0,0,0
2025-02-06,24,3,5,0
2025-02-07,28,2,1,1
2025-02-08,20,2,4,0
2025-02-09,10,2,2,0
2025-02-10,29,5,5,0
2025-02-11,21,0,0,0
2025-02-12,28,2,1,1
2025-02-13,30,3,6,0
2025-02-14,27,5,5,0
2025-02-15,15,0,0,0
2025-02-16,27,0,0,0
2025-02-17,56,4,5,0
2025-02-18,25,1,1,0
2025-02-19,25,0,0,0
2025-02-20,20,3,3,1
2025-02-21,28,1,1,0
2025-02-22,13,0,0,0
2025-02-23,13,1,2,0
2025-02-24,19,1,1,0
2025-02-25,24,1,1,0
2025-02-26,28,0,0,0
2025-02-27,24,1,0,1
2025-02-28,39,2,2,0
2025-03-01,21,2,2,0
2025-03-02,24,0,0,0
2025-03-03,9,1,5,0
2025-03-04,39,1,1,0
2025-03-05,28,1,1,0
2025-03-06,36,4,4,0
2025-03-07,36,6,6,0
2025-03-08,19,5,6,0
2025-03-09,11,2,3,0
2025-03-10,21,3,3,0
2025-03-11,31,4,5,0
2025-03-12,22,2,2,0
2025-03-13,33,2,2,0
2025-03-14,23,1,2,0
2025-03-15,21,3,3,0
2025-03-16,12,2,2,0
2025-03-17,21,0,0,0
2025-03-18,24,0,0,0
2025-03-19,23,1,1,0
2025-03-20,23,2,2,0
2025-03-21,30,3,3,0
2025-03-22,19,0,0,0
2025-03-23,24,1,1,0
2025-03-24,17,1,1,0
2025-03-25,25,3,5,0
2025-03-26,23,2,2,0
2025-03-27,24,3,3,0
2025-03-28,25,1,1,0
2025-03-29,23,0,0,0
2025-03-30,13,1,1,0
2025-03-31,26,1,1,0
2025-04-01,24,1,1,0
2025-04-02,19,2,2,0
2025-04-03,22,2,1,1
2025-04-04,22,1,2,0
2025-04-05,19,3,2,1
2025-04-06,19,0,0,0
2025-04-07,34,1,1,0
2025-04-08,37,1,1,0
2025-04-09,35,3,3,0
2025-04-10,17,3,3,0
2025-04-11,28,1,1,0
2025-04-12,25,2,2,1
2025-04-13,14,3,3,0
2025-04-14,20,1,1,0
2025-04-15,28,1,1,0
2025-04-16,25,0,0,0
2025-04-17,27,2,3,0
2025-04-18,13,0,0,0
2025-04-19,16,1,1,1
2025-04-20,9,0,0,0
2025-04-21,20,5,5,0
2025-04-22,24,2,2,0
2025-04-23,25,3,3,0
2025-04-24,25,2,2,0
2025-04-25,40,2,3,0
2025-04-26,18,0,0,0
2025-04-27,15,0,0,0
2025-04-28,32,3,3,0
2025-04-29,27,2,3,0
2025-04-30,29,3,2,1
2025-05-01,21,5,5,0
2025-05-02,26,1,1,0
2025-05-03,16,3,3,0
2025-05-04,14,1,1,0
2025-05-05,23,2,2,0
2025-05-06,15,1,1,0
2025-05-07,39,4,6,0
2025-05-08,21,0,0,0
2025-05-09,23,1,1,0
2025-05-10,21,2,2,0
2025-05-11,17,0,0,0
2025-05-12,22,5,5,0
2025-05-13,23,1,1,0
2025-05-14,27,0,0,0
2025-05-15,31,1,1,0
2025-05-16,41,2,3,0
2025-05-17,16,2,2,0
2025-05-18,17,0,0,0
2025-05-19,42,3,3,0
2025-05-20,24,4,3,1
2025-05-21,31,3,3,0
2025-05-22,32,5,6,0
2025-05-23,28,1,1,0
2025-05-24,33,1,1,0
2025-05-25,20,1,2,0
2025-05-26,14,0,0,0
2025-05-27,35,3,2,1
2025-05-28,42,0,0,0
2025-05-29,33,2,2,0
2025-05-30,34,0,0,0
2025-05-31,18,2,2,0
2025-06-01,21,2,2,0
2025-06-02,35,2,2,0
2025-06-03,21,4,4,0
2025-06-04,35,3,3,0
2025-06-05,26,1,1,0
2025-06-06,29,2,1,1
2025-06-07,18,3,3,0
2025-06-08,20,3,4,0
2025-06-09,26,1,1,0
2025-06-10,31,0,0,0
2025-06-11,25,4,5,0
2025-06-12,23,2,4,0
2025-06-13,22,3,3,0
2025-06-14,17,0,0,0
2025-06-15,12,0,0,0
2025-06-16,21,4,4,0
2025-06-17,30,1,1,0
2025-06-18,31,3,4,0
2025-06-19,23,2,2,0
2025-06-20,26,0,0,0
2025-06-21,19,2,3,0
2025-06-22,14,1,1,0
2025-06-23,26,3,3,0
2025-06-24,26,5,5,0
2025-06-25,31,1,1,0
2025-06-26,28,3,2,1
2025-06-27,23,1,1,0
2025-06-28,8,1,1,0
2025-06-29,12,2,3,0
2025-06-30,23,4,6,0
2025-07-01,22,2,2,0
2025-07-02,29,2,2,0
2025-07-03,24,4,4,0
2025-07-04,31,2,2,0
2025-07-05,15,1,1,0
2025-07-06,11,3,4,0
2025-07-07,22,2,2,0
2025-07-08,25,3,3,0
2025-07-09,28,3,2,1
2025-07-10,18,1,2,0
2025-07-11,26,0,0,0
2025-07-12,11,3,4,0
2025-07-13,19,2,4,0
2025-07-14,29,2,2,1
2025-07-15,25,1,1,0
2025-07-16,25,3,3,0
2025-07-17,30,1,1,0
2025-07-18,11,1,1,0
2025-07-19,27,1,6,0
2025-07-20,7,1,1,0
2025-07-21,25,3,3,1
2025-07-22,24,3,3,0
2025-07-23,23,1,1,0
2025-07-24,29,4,5,0
2025-07-25,20,0,0,0
2025-07-26,14,1,1,0
2025-07-27,13,0,0,0
2025-07-28,23,2,2,0
2025-07-29,27,1,1,0
2025-07-30,23,4,5,0
2025-07-31,22,0,0,0
2025-08-01,22,4,4,0
2025-08-02,14,0,0,0
2025-08-03,9,0,0,0
2025-08-04,23,2,3,0
2025-08-05,19,0,0,0
2025-08-06,26,2,3,0
2025-08-07,13,1,1,0
2025-08-08,20,2,2,0
2025-08-09,14,0,0,0
2025-08-10,15,0,0,0
2025-08-11,20,1,1,0
2025-08-12,14,0,0,0
2025-08-13,6,0,0,0
2025-08-14,19,1,2,0
2025-08-15,11,1,6,1
2025-08-16,13,0,0,0
2025-08-17,7,0,0,0
2025-08-18,13,0,0,0
2025-08-19,14,0,0,0
2025-08-20,11,0,0,0
2025-08-21,15,0,0,0
2025-08-22,15,0,0,0
2025-08-23,6,0,0,0
2025-08-24,7,0,0,0
2025-08-25,20,0,0,0
2025-08-26,17,1,1,0
2025-08-27,10,0,0,0
2025-08-28,19,0,0,0
2025-08-29,16,0,0,0
2025-08-30,13,1,1,0
2025-08-31,18,1,1,0
2025-09-01,31,0,0,0
2025-09-02,13,1,1,0
2025-09-03,10,1,2,0
2025-09-04,8,0,0,0
2025-09-05,19,0,0,0
2025-09-06,14,0,0,0
2025-09-07,7,1,2,0
2025-09-08,9,2,2,0
2025-09-09,9,0,0,0
2025-09-10,9,1,1,0
2025-09-11,11,0,0,0
2025-09-12,13,1,1,0
2025-09-13,13,0,0,0
2025-09-14,12,0,0,0
2025-09-15,17,1,0,1
2025-09-16,23,3,3,0
2025-09-17,20,1,1,0
2025-09-18,15,0,0,0
2025-09-19,19,0,0,0
2025-09-20,17,1,1,0
2025-09-21,7,0,0,0
2025-09-22,11,0,0,0
2025-09-23,17,0,0,0
2025-09-24,16,0,0,0
2025-09-25,16,1,1,0
2025-09-26,14,0,0,0
2025-09-27,13,1,1,0
2025-09-28,12,0,0,0
2025-09-29,21,0,0,0
2025-09-30,18,0,0,0
2025-10-01,11,0,0,0
2025-10-02,30,0,0,0
2025-10-03,20,0,0,0
2025-10-04,4,0,0,0
2025-10-05,8,0,0,0
2025-10-06,29,0,0,0
2025-10-07,21,1,1,0
2025-10-08,16,0,0,0
2025-10-09,20,1,1,0
2025-10-10,19,2,2,0
2025-10-11,14,0,0,0
2025-10-12,16,1,2,0
2025-10-13,24,1,1,0
2025-10-14,17,0,0,0
2025-10-15,20,0,0,0
2025-10-16,14,0,0,0
2025-10-17,17,0,0,0
2025-10-18,18,1,0,1
2025-10-19,27,1,2,0
2025-10-20,18,2,3,0
2025-10-21,17,0,0,0
2025-10-22,15,0,0,0
2025-10-23,27,0,0,0
2025-10-24,18,0,0,0
2025-10-25,16,1,1,0
2025-10-26,16,1,1,0
2025-10-27,24,1,1,0
2025-10-28,21,0,0,0
2025-10-29,11,2,2,0
2025-10-30,17,1,1,0
2025-10-31,22,1,1,0
2025-11-01,15,0,0,0
2025-11-02,17,1,1,0
2025-11-03,14,0,0,0
2025-11-04,28,0,0,0
2025-11-05,11,0,0,0
2025-11-06,12,1,2,0
2025-11-07,19,2,1,1
2025-11-08,14,0,0,0
2025-11-09,10,0,0,0
2025-11-10,20,0,0,0
2025-11-11,17,0,0,0
2025-11-12,17,1,0,1
2025-11-13,22,0,0,0
2025-11-14,17,0,0,0
2025-11-15,14,0,0,0
2025-11-16,17,0,0,0
2025-11-17,12,0,0,0
2025-11-18,15,0,0,0
2025-11-19,22,2,2,0
2025-11-20,22,0,0,0
2025-11-21,19,0,0,0
2025-11-22,17,0,0,0
2025-11-23,16,2,3,0
2025-11-24,29,0,0,0
2025-11-25,12,0,0,0
2025-11-26,22,0,0,0
2025-11-27,12,0,0,0
2025-11-28,28,0,0,0
2025-11-29,14,0,0,0
2025-11-30,22,0,0,0
2025-12-01,27,3,2,2
2025-12-02,20,1,0,1
2025-12-03,10,0,0,0
2025-12-04,18,0,0,0
2025-12-05,26,1,1,0
2025-12-06,16,0,0,0
2025-12-07,15,0,0,0
2025-12-08,21,0,0,0
2025-12-09,27,1,1,0
2025-12-10,9,1,1,0
2025-12-11,26,0,0,0
2025-12-12,28,1,2,0
2025-12-13,23,0,0,0
2025-12-14,11,1,1,0
2025-12-15,20,0,0,0
2025-12-16,11,1,1,0
2025-12-17,23,0,0,0
2025-12-18,14,0,0,0
2025-12-19,20,0,0,0
2025-12-20,23,0,0,0
2025-12-21,23,0,0,0
2025-12-22,23,0,0,0
2025-12-23,22,1,5,0
2025-12-24,19,2,2,0
2025-12-25,15,1,1,0
2025-12-26,15,0,0,0
2025-12-27,14,0,0,0
2025-12-28,18,2,2,0
2025-12-29,16,0,0,0
2025-12-30,10,0,0,0
2025-12-31,7,0,0,0
2026-01-01,5,0,0,0
2026-01-02,9,0,0,0
2026-01-03,12,1,1,0
2026-01-04,10,0,0,0
2026-01-05,19,0,0,0
2026-01-06,13,0,0,0
2026-01-07,18,0,0,0
2026-01-08,16,0,0,0
2026-01-09,24,0,0,0
2026-01-10,19,0,0,0
2026-01-11,22,0,0,0
2026-01-12,19,0,0,0
2026-01-13,17,0,0,0
2026-01-14,24,0,0,0
2026-01-15,10,0,0,0
2026-01-16,16,1,1,0
2026-01-17,13,0,0,0
2026-01-18,19,1,1,0
2026-01-19,26,0,0,0
2026-01-20,29,2,2,0
2026-01-21,27,3,2,2
2026-01-22,18,0,0,0
2026-01-23,12,0,0,0
2026-01-24,26,1,1,0
2026-01-25,20,0,0,0
2026-01-26,26,3,3,0
2026-01-27,23,0,0,0
2026-01-28,23,0,0,0
2026-01-29,26,1,1,0
2026-01-30,29,2,2,0
2026-01-31,29,0,0,0
2026-02-01,28,1,1,0
2026-02-02,25,2,2,0
2026-02-03,32,1,1,0
2026-02-04,28,2,3,0
2026-02-05,35,2,2,0
2026-02-06,27,0,0,0
2026-02-07,41,1,1,0
2026-02-08,24,4,4,0
2026-02-09,35,3,3,1
2026-02-10,30,2,2,0
2026-02-11,32,2,2,0
2026-02-12,18,0,0,0
2026-02-13,23,2,2,0
2026-02-14,19,0,0,0
2026-02-15,9,0,0,0
2026-02-16,23,1,1,0
2026-02-17,20,1,1,0
2026-02-18,19,1,0,1
2026-02-19,23,0,0,0
2026-02-20,30,1,1,0
2026-02-21,25,0,0,0
2026-02-22,20,0,0,0
2026-02-23,21,0,0,0
2026-02-24,23,0,0,0
2026-02-25,38,0,0,0
2026-02-26,31,0,0,0
2026-02-27,32,1,1,0
2026-02-28,23,0,0,0
2026-03-01,16,2,2,0
2026-03-02,27,1,1,0
2026-03-03,19,0,0,0
2026-03-04,25,0,0,0
2026-03-05,31,0,0,0
2026-03-06,20,1,1,0
2026-03-07,23,0,0,0
2026-03-08,12,2,2,0
2026-03-09,28,1,1,0
2026-03-10,22,0,0,0
2026-03-11,16,0,0,0
2026-03-12,20,1,1,0
2026-03-13,20,1,3,0
2026-03-14,22,0,0,0
2026-03-15,8,0,0,0
2026-03-16,23,0,0,0
2026-03-17,24,0,0,0
2026-03-18,22,0,0,0
2026-03-19,14,1,1,0
2026-03-20,22,0,0,0
2026-03-21,15,0,0,0
2026-03-22,16,1,1,0
2026-03-23,21,0,0,0
2026-03-24,18,0,0,0
2026-03-25,22,2,2,0
2026-03-26,21,0,0,0
2026-03-27,27,2,2,0
2026-03-28,17,0,0,0
2026-03-29,11,0,0,0
2026-03-30,23,0,0,0
2026-03-31,17,0,0,0
2026-04-01,19,0,0,0
2026-04-02,20,1,1,0
2026-04-03,16,0,0,0
2026-04-04,12,0,0,0
2026-04-05,21,1,1,0
2026-04-06,24,0,0,0
2026-04-07,26,0,0,0
2026-04-08,14,0,0,0
2026-04-09,26,1,0,1
2026-04-10,5,0,0,0
2026-04-11,8,0,0,0
2026-04-12,6,0,0,0
2026-04-13,14,0,0,0
2026-04-14,30,0,0,0
2026-04-15,30,2,2,0
2026-04-16,26,1,0,1
2026-04-17,16,2,3,0
2026-04-18,22,0,0,0
2026-04-19,24,1,1,0
2026-04-20,21,0,0,0
2026-04-21,19,0,0,0
2026-04-22,24,0,0,0
2026-04-23,23,1,1,0
2026-04-24,24,0,0,0
2026-04-25,15,2,2,0
2026-04-26,15,2,4,0
2026-04-27,48,4,4,0
2026-04-28,33,0,0,0
2026-04-29,34,5,5,1
2026-04-30,33,4,5,0
2026-05-01,11,0,0,0
2026-05-02,18,1,1,0
2026-05-03,16,3,7,1
2026-05-04,17,2,2,0
2026-05-05,26,1,1,0
2026-05-06,15,0,0,0
2026-05-07,25,5,6,0
2026-05-08,20,2,2,0
2026-05-09,24,0,0,0
2026-05-10,15,3,3,0
2026-05-11,33,3,4,0
2026-05-12,32,4,24,1
2026-05-13,28,3,4,0
2026-05-14,32,2,2,0
2026-05-15,38,5,5,0
2026-05-16,26,1,1,0
2026-05-17,18,1,1,0
2026-05-18,29,0,0,0
2026-05-19,26,1,1,0
2026-05-20,43,5,5,0
2026-05-21,30,4,4,0
2026-05-22,31,1,1,1
2026-05-23,13,2,2,0
2026-05-24,15,1,3,0
2026-05-25,16,0,0,0
2026-05-26,31,2,2,0
2026-05-27,38,3,3,0
2026-05-28,29,0,0,0
2026-05-29,33,2,2,0
2026-05-30,23,1,2,0
2026-05-31,23,0,0,0
2026-06-01,24,3,6,0
2026-06-02,38,0,0,0
2026-06-03,31,3,3,0
2026-06-04,24,1,1,0
2026-06-05,18,1,1,0
2026-06-06,17,1,1,0
2026-06-07,14,0,0,0
2026-06-08,8,0,0,0
2026-06-09,28,1,1,0
2026-06-10,21,1,1,0
2026-06-11,19,2,4,0
2026-06-12,17,1,2,0
2026-06-13,14,0,0,0
2026-06-14,12,0,0,0
2026-06-15,24,0,0,0
2026-06-16,17,0,0,0
2026-06-17,15,2,2,0
2026-06-18,21,0,0,0
2026-06-19,21,0,0,0
2026-06-20,10,1,1,0
2026-06-21,14,0,0,0
2026-06-22,27,0,0,0
2026-06-23,21,1,1,0
2026-06-24,17,0,0,0
2026-06-25,27,1,1,0
2026-06-26,23,1,1,0
2026-06-27,6,0,0,0
2026-06-28,11,0,0,0
2026-06-29,19,1,1,0
2026-06-30,14,0,0,0
2026-07-01,19,0,0,0
2026-07-02,28,0,0,0
2026-07-03,23,0,0,0
2026-07-04,17,2,3,0
2026-07-05,17,3,2,1
2026-07-06,27,1,1,0
2026-07-07,27,6,6,0
2026-07-08,32,1,1,0
2026-07-09,29,4,4,0
2026-07-10,26,3,4,0
2026-07-11,12,1,1,0
2026-07-12,17,1,1,0
2026-07-13,13,0,0,0
2026-07-14,23,0,0,0
2026-07-15,17,1,1,0
2026-07-16,26,1,1,0
2026-07-17,19,2,3,0
2026-07-18,12,0,0,0
2026-07-19,15,1,1,0
2026-07-20,16,0,0,0
2026-07-21,16,0,0,0
2026-07-22,19,1,0,1
2026-07-23,23,0,0,0
2026-07-24,23,1,1,0
2026-07-25,14,0,0,0
2026-07-26,12,1,1,0
2026-07-27,22,1,4,0
2026-07-28,26,0,0,0
2026-07-29,25,0,0,0
2026-07-30,18,1,2,0
2026-07-31,15,0,0,0
2026-08-01,19,0,0,0
2026-08-02,11,0,0,0
2026-08-03,19,1,1,0
2026-08-04,25,1,1,0
2026-08-05,15,0,0,0
2026-08-06,17,0,0,0
2026-08-07,22,2,2,0
2026-08-08,21,0,0,0
2026-08-09,13,1,2,0
2026-08-10,17,0,0,0
2026-08-11,19,0,0,0
2026-08-12,26,3,3,1
2026-08-13,13,0,0,0
2026-08-14,20,0,0,0
2026-08-15,11,0,0,0
2026-08-16,7,1,1,0
2026-08-17,20,0,0,0
2026-08-18,17,0,0,0
2026-08-19,15,1,1,0
2026-08-20,14,0,0,0
2026-08-21,15,0,0,0
2026-08-22,20,0,0,0
2026-08-23,5,1,1,0
2026-08-24,23,1,3,0
2026-08-25,17,0,0,0
2026-08-26,25,0,0,0
2026-08-27,18,0,0,0
2026-08-28,20,0,0,0
2026-08-29,16,0,0,0
2026-08-30,9,0,0,0
2026-08-31,23,1,1,0
2026-09-01,20,0,0,0
2026-09-02,19,0,0,0
2026-09-03,18,0,0,0
2026-09-04,25,0,0,0
2026-09-05,16,0,0,0
2026-09-06,9,0,0,0
2026-09-07,15,0,0,0
2026-09-08,23,0,0,0
2026-09-09,10,0,0,0
2026-09-10,30,0,0,0
2026-09-11,21,0,0,0
2026-09-12,17,0,0,0
2026-09-13,18,0,0,0
2026-09-14,25,1,1,0
2026-09-15,19,1,2,0
2026-09-16,22,1,1,0
2026-09-17,23,1,1,0
2026-09-18,20,1,1,0
2026-09-19,15,0,0,0
2026-09-20,9,1,1,0
2026-09-21,25,1,1,0
2026-09-22,17,1,1,0
2026-09-23,25,2,2,0
2026-09-24,24,1,1,0
2026-09-25,24,1,1,0
2026-09-26,16,0,0,0
2026-09-27,11,1,2,0
2026-09-28,18,0,0,0
2026-09-29,22,4,4,0
2026-09-30,25,1,1,0
2026-10-01,50,1,1,0
2026-10-02,29,1,1,0
2026-10-03,22,0,0,0
2026-10-04,15,0,0,0
2026-10-05,23,1,0,1
2026-10-06,20,2,1,1
2026-10-07,18,0,0,0
2026-10-08,1,0,0,0
